ETF 코드,ETF 이름,테마_x,현재가_x,전일 대비,전일 대비 부호,전일 대비율,누적 거래량,주식 상한가,주식 하한가,전일 종가,시가,최고가,최저가,ETF 순자산 총액,ETF 유통 순자산 총액,ETF 구성 종목 수,ETF 배당 주기,괴리율,ETF 연중 최고가,ETF 연중 최저가,12개월 전 종가,12개월 수익률,12개월 변동성,최대 손실률,평균 성장률,연중 최고가 대비 현재가 비율,성과 점수,안정성 점수,유동성 점수,펀더멘털 점수,최종 점수,최종 환산 점수,Unnamed: 0,ETF,CAGR,변동성,샤프지수,테마_y,현재가_y,소개,투자포인트
381170,TIGER 미국테크TOP10 INDXX,빅테크,24645,570,2,2.37,2544212,31295,16855,24075,24405,24670,24405,30027,3045487500000,11,2,-0.06,24670,14550,24074.44,2.37,1232.25,-41.02,0.02,99.9,0.81,0.06,0.62,0.73,0.67,100.0,0,TIGER 미국테크TOP10 INDXX,0.28,0.24,1.17,빅테크,24645,"""Indxx US Tech Top 10 Index""를 기초지수로 하며 순자산가치의 일간변동률을 기초지수의 일간변동률과 유사하도록 운용하는 ETF",미국의 빅테크 10개 기업에 집중 투자하는 ETF
457480,ACE 테슬라밸류체인액티브,차세대모빌리티,17905,1115,2,6.64,3121380,21825,11755,16790,17795,17935,17500,5983,592687000000,24,2,2.08,17935,8225,16790.14,6.64,895.25,-54.14,0.07,99.83,1.0,0.05,0.24,0.21,0.6,89.32,4,ACE 테슬라밸류체인액티브,0.47,0.48,0.98,차세대모빌리티,17905,"액티브상장지수펀드로 ""Bloomberg EV Supporters Plus Tesla Price Return Index""를 비교지수로 하여 비교지수 대비 초과 성과를 목표로 비중 변경 및 비교지수 구성종목 이외의 종목을 선별적으로 편입하여 운용하는 ETF","테슬라와 테슬라 밸류체인에 포함되는 배터리, 전기차 부품, 반도체, 제조장비, 충전 관련 글로벌 기업에 분산투자하는 액티브 ETF"
371460,TIGER 차이나전기차SOLACTIVE,차세대모빌리티,9470,65,2,0.69,1378311,12225,6585,9405,9415,9565,9370,17753,1812155400000,41,2,-0.52,10205,6080,9405.1,0.69,473.5,-40.42,0.01,92.8,0.71,0.11,0.36,0.53,0.53,78.77,1,TIGER 차이나전기차SOLACTIVE,-0.02,0.34,-0.07,차세대모빌리티,9470,"""Solactive China Electric Vehicle Index(Net Total Return)""를 기초지수로 하며 순자산가치의 일간변동률을 기초지수의 일간변동률과 유사하도록 운용하는 ETF","가장 빠르게 성장하고 있으며, 미래에 가장 큰 소비 시장으로 기대되는 중국 전기차 관련 기업에 투자하는 ETF"
495940,RISE 미국AI테크액티브,로보틱스 & AI,11150,405,2,3.77,356237,13965,7525,10745,11045,11170,10915,160,15043000000,16,2,0.57,11170,9745,10744.92,3.77,557.5,-12.76,0.04,99.82,0.87,0.31,0.02,0.05,0.48,71.31,73,RISE 미국AI테크액티브,4.8,0.28,17.29,로보틱스 & AI,11150,"액티브상장지수펀드로 ""Solactive US AI Tech Active Index PR""를 비교지수로 하여 비교지수 대비 초과 성과를 목표로 비중 변경 및 비교지수 구성종목 이외의 종목을 선별적으로 편입하여 운용하는 ETF",미국에 상장된 AI 관련 기업에 투자하는 ETF
456600,TIMEFOLIO 글로벌AI인공지능액티브,로보틱스 & AI,26590,895,2,3.48,312386,33400,17990,25695,26000,26590,26000,2645,261061200000,36,2,0.62,26590,13840,25695.79,3.48,1329.5,-47.95,0.03,100.0,0.86,0.04,0.06,0.17,0.47,69.96,12,TIMEFOLIO 글로벌AI인공지능액티브,0.82,0.29,2.85,로보틱스 & AI,26590,"액티브상장지수펀드로 ""Solactive Global Artificial Intelligence Index(PR)""를 비교지수로 하여 비교지수 대비 초과 성과를 목표로 비중 변경 및 비교지수 구성종목 이외의 종목을 선별적으로 편입하여 운용하는 ETF","글로벌 AI인공지능 산업 관련 주식에 대하여, 개별종목에 대한 유동성과 Valuation 및 기업 이벤트 분석을 통해 종목 선정 및 비중을 결정하여 투자하는 ETF"
465610,ACE 미국빅테크TOP7 Plus레버리지(합성),빅테크,28710,1345,2,4.92,82541,43775,10955,27365,27970,28825,27930,820,0,4,12,-0.05,28825,10315,27363.71,4.92,1435.5,-64.22,0.05,99.6,0.92,0.02,0.0,0.03,0.47,69.78,37,ACE 미국빅테크TOP7 Plus레버리지(합성),1.33,0.51,2.59,빅테크,28710,"""Solactive US Big Tech Top 7 Plus Price Return Index""를 기초지수로 하여 기초지수의 일일수익률 2배(X2) 추종을 목적으로 하는 ETF(합성은 증권사에서 제공하는 장외파생상품인 TRS를 통해 투자하는 방식)",미국 빅테크 관련 대표기업으로 구성된 지수인 Solactive US Big Tech Top 7 Plus의 일간 변동폭을 레버리지를 통해 2배의 손익 효과를 추종하도록 투자하는 ETF
494180,TIMEFOLIO 글로벌소비트렌드액티브,내수소비,11630,360,2,3.19,169748,14650,7890,11270,11545,11630,11500,84,8452500000,38,2,0.35,11630,9535,11270.47,3.19,581.5,-18.01,0.03,100.0,0.85,0.22,0.01,0.11,0.46,68.63,113,TIMEFOLIO 글로벌소비트렌드액티브,1.84,0.23,8.04,내수소비,11630,"액티브상장지수펀드로 ""Solactive 뉴에이지컨수머지수""를 비교지수로 하여 비교지수 대비 초과 성과를 목표로 비중 변경 및 비교지수 구성종목 이외의 종목을 선별적으로 편입하여 운용하는 ETF","기술력, 성장성, 재무건전성, 시가총액 등을 기반으로 향후 폭발적인 성장이 기대 되는 글로벌 소비재 및 서비스 기업에 투자하며 적극적으로 매매를 하는 액티브 ETF"
411420,KODEX 미국메타버스나스닥액티브,메타버스,16175,575,2,3.69,88069,20280,10920,15600,15700,16175,15700,581,0,30,2,0.77,16175,8645,15599.38,3.69,808.75,-46.55,0.04,100.0,0.87,0.07,0.0,0.1,0.45,67.61,43,KODEX 미국메타버스나스닥액티브,0.15,0.28,0.56,메타버스,16175,"액티브상장지수펀드로 ""Nasdaq Yewno Metaverse Index (Price Return)""를 비교지수로 하여 비교지수 대비 초과 성과를 목표로 비중 변경 및 비교지수 구성종목 이외의 종목을 선별적으로 편입하여 운용하는 ETF","1. 미국 대표 메타버스 기업들에 투자할 수 있는 ETF
- 메타버스는 포스트 인터넷 시대를 주도할 게임 체인저로서 향후 성장이 기대되는 대표적인 산업 중 하나로, 
  많은 글로벌 빅테크 기업들이 메타버스를 미래의 핵심 사업으로 구상하고 있습니다.
- KODEX 미국메타버스나스닥액티브 ETF는 미국에 상장된 메타버스 관련 주요기업들에 투자하는 ETF입니다.

2. 알파를 추구하며 적극적으로 운용하는 '액티브' ETF
- 실시간으로 거래가능한 ETF의 특성과, 투자종목과 비중을 적극적으로 조정할 수 있는 액티브 펀드의 특성을 동시에 가지고 있습니다.
- 액티브 ETF는 비교지수와의 상관계수 0.7 이상을 유지하면서, 적극적으로 알파를 추구할 수 있습니다.(일반 ETF : 0.9 이상)"
481180,SOL 미국AI소프트웨어,로보틱스 & AI,14160,405,2,2.94,1296864,17880,9630,13755,14010,14205,13925,981,0,16,2,0.78,14205,9300,13755.59,2.94,708.0,-34.53,0.03,99.68,0.83,0.1,0.06,0.07,0.45,67.56,29,SOL 미국AI소프트웨어,0.73,0.27,2.76,로보틱스 & AI,14160,"""KEDI 미국AI소프트웨어지수(PR)""를 기초지수로 하며 순자산가치의 일간변동률을 기초지수의 일간변동률과 유사하도록 운용하는 ETF",미국의 AI 소프트웨어 산업을 대표하는 기업에 투자하는 ETF
487910,ACE 인도컨슈머파워액티브,내수소비,10725,250,2,2.39,42786,13615,7335,10475,10600,10730,10535,519,0,17,2,0.23,10840,9820,10474.66,2.39,536.25,-9.41,0.02,98.94,0.81,0.42,0.0,0.06,0.45,67.54,45,ACE 인도컨슈머파워액티브,0.29,0.2,1.4,내수소비,10725,"액티브상장지수펀드로 ""Indxx Inida Super Consumption Index""를 비교지수로 하여 비교지수 대비 초과 성과를 목표로 비중 변경 및 비교지수 구성종목 이외의 종목을 선별적으로 편입하여 운용하는 ETF","인도 소비 관련 기업 중 장기 성장 가능성이 높은 가전, 자동차, 헬스케어 관련 기업에 투자하는 ETF"
459560,KODEX 테슬라밸류체인FactSet,차세대모빌리티,16115,565,2,3.63,33257,20215,10885,15550,15575,16115,15575,162,0,26,2,0.84,16200,10320,15550.52,3.63,805.75,-36.3,0.04,99.48,0.86,0.09,0.0,0.08,0.45,67.17,83,KODEX 테슬라밸류체인FactSet,0.39,0.28,1.4,차세대모빌리티,16115,"""FactSet TSLA Value Chain Index (Price Return)""를 기초지수로하며 순자산가치의 일간변동률을 기초지수의 일간변동률과 유사하도록 운용하는 ETF","테슬라와 테슬라 밸류체인에 포함되는 1차, 2차 공급업체인 글로벌 기업에 분산투자하는 ETF"
471040,KoAct 글로벌AI&로봇액티브,로보틱스 & AI,16070,575,2,3.71,127828,20140,10850,15495,15635,16080,15630,334,0,41,2,-0.11,16800,10205,15495.13,3.71,803.5,-39.26,0.04,95.65,0.85,0.08,0.01,0.13,0.45,67.13,61,KoAct 글로벌AI&로봇액티브,0.47,0.28,1.71,로보틱스 & AI,16070,"액티브상장지수펀드로 ""iSelect 글로벌AI&로봇 PR지수""를 비교지수로 하여 비교지수 대비 초과 성과를 목표로 비중 변경 및 비교지수 구성종목 이외의 종목을 선별적으로 편입하여 운용하는 ETF","장기 고성장이 예상되는 AI산업 및 로봇산업에 해당하는 기업 중 경쟁력, R&D 투자, 내재가치와 경영 성과가 탁월한 글로벌 기업에 투자하는 ETF"
466950,TIGER 글로벌AI액티브,로보틱스 & AI,19270,510,2,2.72,313579,24385,13135,18760,19065,19290,18810,1879,188538000000,37,2,0.44,19290,10535,18759.74,2.72,963.5,-45.39,0.03,99.9,0.83,0.06,0.05,0.15,0.45,66.91,18,TIGER 글로벌AI액티브,0.69,0.32,2.2,로보틱스 & AI,19270,"""Indxx Artificial Intelligence and Big Data 지수(Net Total Return)""를 기초지수로 하며 순자산가치의 일간변동률을 기초지수의 일간변동률과 유사하도록 운용하는 ETF","AI 하드웨어/소프트웨어/서비스기업, AI생태계 구축 기업(플랫폼, 하드웨어 등), AI 활용한 신규 제품/서비스 출시 기업, AI 적용하여 원가를 절감하는 글로벌 기업을 투자 유니버스로 AI 산업 성장의 실질적인 수혜 기업에 투자하는 ETF"
394660,TIGER 글로벌자율주행&전기차SOLACTIVE,차세대모빌리티,11290,200,2,1.8,70121,14415,7765,11090,11150,11325,11150,2922,291001600000,81,2,-0.71,11860,8990,11090.37,1.8,564.5,-24.2,0.02,95.19,0.77,0.16,0.05,0.31,0.45,66.66,10,TIGER 글로벌자율주행&전기차SOLACTIVE,0.04,0.23,0.16,차세대모빌리티,11290,"""Solactive Autonomous & Electric Vehicles 지수(Net Total Return)""를 기초지수로 하며 순자산가치의 일간변동률을 기초지수의 일간변동률과 유사하도록 운용하는 ETF",미래 자동차산업의 핵심으로 기대되는 소프트웨어인 자율주행과 하드웨어인 전기차 산업 전반에 투자하는 ETF
489290,WON 미국빌리어네어,글로벌자산,12795,350,2,2.81,25113,16175,8715,12445,12670,12795,12670,87,8711500000,51,2,0.01,12795,9435,12445.29,2.81,639.75,-26.26,0.03,100.0,0.83,0.14,0.0,0.15,0.45,66.58,110,WON 미국빌리어네어,1.53,0.2,7.47,글로벌자산,12795,"""Bloomberg US Billionaires Investment Select Index(PR)""를 기초지수로 하며 순자산가치의 일간변동률을 기초지수의 일간변동률과 유사하도록 운용하는 ETF",미국 억만장자들의 투자 포트폴리오를 추종하여 투자하는 ETF
465580,ACE 미국빅테크TOP7 Plus,빅테크,18020,500,2,2.85,548380,22775,12265,17520,17785,18035,17770,4682,0,11,2,0.06,18035,10270,17520.66,2.85,901.0,-43.06,0.03,99.92,0.83,0.07,0.03,0.14,0.44,66.34,7,ACE 미국빅테크TOP7 Plus,0.6,0.25,2.39,빅테크,18020,"""Solactive US Big Tech Top 7 Plus Price Return Index""를 기초지수로하며 순자산가치의 일간변동률을 기초지수의 일간변동률과 유사하도록 운용하는 ETF",미국 빅테크 관련 대표 기업에 집중 투자 효과를 내는 ETF
390400,KODEX 미국스마트모빌리티S&P,차세대모빌리티,5955,145,2,2.5,9438,7550,4070,5810,5940,5970,5920,87,0,73,2,-0.92,6298,4800,5809.76,2.5,297.75,-23.79,0.02,94.55,0.79,0.23,0.0,0.22,0.44,66.18,106,KODEX 미국스마트모빌리티S&P,-0.14,0.27,-0.5,차세대모빌리티,5955,"""S&P Kensho Smart Transportation Index""를 기초지수로 하며 순자산가치의 일간변동률을 기초지수의 일간변동률과 유사하도록 운용하는 ETF","미래 산업의 핵심인 스마트 모빌리티 분야에 투자할 수 있는 ETF
- 글로벌 트렌드인 ①자율주행, ②전기차, ③드론 서비스, ④공유 모빌리티 등 미래 모빌리티 산업과 관련한 미국 상장 기업들에 투자할 수 있는 ETF
- 스마트 모빌리티 관련 사업노출도가 큰 글로벌 기업들로 구성"
419420,KODEX 미국클린에너지나스닥,친환경에너지,6715,200,2,3.07,11206,8465,4565,6515,6565,6715,6515,105,0,55,2,-0.99,7334,5591,6514.99,3.07,335.75,-23.77,0.03,91.56,0.81,0.22,0.0,0.16,0.44,66.14,101,KODEX 미국클린에너지나스닥,-0.14,0.35,-0.39,친환경에너지,6715,"""Nasdaq Clean Edge Green Energy Index (Price Return)""를 기초지수로 하며 순자산가치의 일간변동률을 기초지수의 일간변동률과 유사하도록 운용하는 ETF","1. 탄소중립 시대 전환에 따른 클린에너지 산업의 부상
- 탄소중립 시대로의 대전환은 클린에너지 산업 영위 기업에게 큰 기회
- 각국의 정책적 대규모 투자 기조로 클린에너지 전분야의 성장 확대 예상

2. 클린에너지 산업 전 분야에 걸쳐 성장성 높은 핵심 기업들만 선별
- 생산부터 저장·수송, 그리고 활용 단계까지 전 단계에 걸쳐 핵심 기업들에 한번에 투자"
461340,HANARO 글로벌생성형AI액티브,로보틱스 & AI,21150,685,2,3.35,43785,26600,14330,20465,20475,21165,20475,182,18418500000,30,2,0.59,21190,10955,20464.44,3.35,1057.5,-48.3,0.03,99.81,0.85,0.05,0.01,0.09,0.44,66.11,74,HANARO 글로벌생성형AI액티브,0.67,0.26,2.55,로보틱스 & AI,21150,"액티브상장지수펀드로 ""Solactive United States Technology 100 Index(PR)""를 비교지수로 하여 비교지수 대비 초과 성과를 목표로 비중 변경 및 비교지수 구성종목 이외의 종목을 선별적으로 편입하여 운용하는 ETF","ChatGPT로 대중화된 생성형 AI(인공지능) 관련된 하드웨어, 소프트웨어, 및 인프라 관련 글로벌 기업에 투자하는 ETF"
465350,RISE 2차전지TOP10인버스(합성),2차전지(배터리),34390,1100,2,3.3,314209,43275,23305,33290,34200,34405,33340,999,99870000000,5,12,-0.14,35000,21525,33291.38,3.3,1719.5,-38.5,0.03,98.26,0.85,0.06,0.03,0.03,0.44,65.87,34,RISE 2차전지TOP10인버스(합성),0.45,0.48,0.95,2차전지(배터리),34390,"""iSelect 2차전지 TOP10 지수(시장가격지수)""를 기초지수로 하여 기초지수의 일일수익률 -1배(X-1) 추종을 목적으로 하는 ETF(합성은 증권사에서 제공하는 장외파생상품인 TRS를 통해 투자하는 방식)",2차전지 관련 기업의 역방향 투자 효과를 내는 파생 ETF
418670,TIGER 글로벌사이버보안INDXX,사이버보안,15275,455,2,3.07,38113,19265,10375,14820,14925,15300,14825,172,17191200000,23,2,-0.05,15300,10615,14820.03,3.07,763.75,-30.62,0.03,99.84,0.84,0.11,0.0,0.07,0.44,65.76,77,TIGER 글로벌사이버보안INDXX,0.17,0.28,0.6,사이버보안,15275,"""Indxx Cybersecurity 지수 (총수익)""를 기초지수로 하며 순자산가치의 일간변동률을 기초지수의 일간변동률과 유사하도록 운용하는 ETF","디지털 경제의 급격한 발전과 국가간의 경쟁으로 사이버 보안 관련 투자가 급격히 증가하고 있어, 지속적으로 성장 할 것으로 기대되는 사이버보안 테마에 투자하는 ETF"
489860,KOSEF 글로벌전력GRID인프라,인프라스트럭처,11300,190,2,1.71,20384,14440,7780,11110,11165,11300,11110,89,8888000000,78,2,-0.08,11300,9500,11110.02,1.71,565.0,-15.93,0.02,100.0,0.78,0.25,0.0,0.23,0.44,65.7,109,KOSEF 글로벌전력GRID인프라,0.49,0.18,2.68,인프라스트럭처,11300,"""NASDAQ OMX Clean Edge Smart Grid Infrastructure Index""를 기초지수로 하며 순자산가치의 일간변동률을 기초지수의 일간변동률과 유사하도록 운용하는 ETF",발전소에서 생산된 전기를 최종수요자에게 공급하는 송전/변전/배전 인프라에 정보기술을 접목한 스마트 그리드 관련 사업을 영위하는 기업에 투자하는 ETF
485690,RISE 미국AI밸류체인TOP3Plus,로보틱스 & AI,12435,375,2,3.11,65864,15675,8445,12060,12115,12445,12115,174,19899000000,16,2,0.92,12445,7965,12059.94,3.11,621.75,-36.0,0.03,99.92,0.84,0.1,0.01,0.05,0.44,65.58,80,RISE 미국AI밸류체인TOP3Plus,0.49,0.39,1.27,로보틱스 & AI,12435,"""KEDI 미국 AI 밸류체인 TOP3 Plus 지수""를 기초지수로 하며 순자산가치의 일간변동률을 기초지수의 일간변동률과 유사하도록 운용하는 ETF","미국 AI 밸류체인에 포함되는 기업에 투자하면 AI반도체, AI소프트웨어, 및 AI서비스인프라 기업의 각 분야에서 TOP 기업에 집중 투자하는 ETF"
451150,에셋플러스 글로벌영에이지액티브,내수소비,15775,450,2,2.94,3164,19920,10730,15325,15165,15790,15165,76,0,29,2,0.04,15790,11340,15324.46,2.94,788.75,-28.18,0.03,99.91,0.84,0.12,0.0,0.08,0.44,65.53,116,에셋플러스 글로벌영에이지액티브,0.28,0.15,1.9,내수소비,15775,"액티브상장지수펀드로 ""S&P 500 Index""를 비교지수로 하여 비교지수 대비 초과 성과를 목표로 비중 변경 및 비교지수 구성종목 이외의 종목을 선별적으로 편입하여 운용하는 ETF",소비의 주축인 15~39세  ‘영에이지’ 소비자들에게 제품/서비스를 판매하여 이익을 창출하는 비즈니스모델을 갖춘 글로벌 기업에 투자하는 ETF
371450,TIGER 글로벌클라우드컴퓨팅INDXX,클라우드컴퓨팅,13295,345,2,2.66,47596,16835,9065,12950,13085,13295,13085,378,37814000000,41,2,-0.23,13295,8640,12950.52,2.66,664.75,-35.01,0.03,100.0,0.82,0.1,0.01,0.13,0.44,65.4,56,TIGER 글로벌클라우드컴퓨팅INDXX,0.07,0.27,0.26,클라우드컴퓨팅,13295,"""Indxx Global Cloud Computing Index(Net Total Return)""를 기초지수로 하며 순자산가치의 일간변동률을 기초지수의 일간변동률과 유사하도록 운용하는 ETF",디지털 경제의 발전과 언택트 산업 확대로 중요성이 지속적으로 증가하고 있는 클라우드 산업에 투자하는 ETF
419170,HANARO 미국메타버스iSelect,메타버스,17035,500,2,3.02,335,21495,11575,16535,16995,17100,16995,58,5787250000,21,2,0.08,17100,11783,16535.62,3.02,851.75,-31.09,0.03,99.62,0.84,0.1,0.0,0.06,0.44,65.12,131,HANARO 미국메타버스iSelect,0.22,0.26,0.83,메타버스,17035,"""iSelect US 메타버스 지수(시장가격)""를 기초지수로 하며 순자산가치의 일간변동률을 기초지수의 일간변동률과 유사하도록 운용하는 ETF","미국에 상장된 메타버스 관련 기업에 투자하는 ETF

'메타버스(Metaverse)'란, 가공·추상·초월 등의 가상세계를 의미하는 메타(Meta)와 현실세계를 의미하는 유니버스 (Universe)의 합성어로 사회·문화·경제 등의 다양한 활동에서 가상과 현실이 상호작용하는 세계를 의미합니다."
429980,SOL 한국형글로벌전기차&2차전지액티브,2차전지(배터리),12100,255,2,2.15,3569,15395,8295,11845,11950,12150,11950,59,0,61,12,-0.07,12210,9404,11845.33,2.15,605.0,-22.98,0.02,99.1,0.8,0.17,0.0,0.18,0.43,64.83,129,SOL 한국형글로벌전기차&2차전지액티브,0.1,0.19,0.53,2차전지(배터리),12100,"액티브상장지수펀드로 ""FactSet Global Electric Vehicle and Rechargeable Battery Korea-Tilted Index(PR)""를 비교지수로 하여 비교지수 대비 초과 성과를 목표로 비중 변경 및 비교지수 구성종목 이외의 종목을 선별적으로 편입하여 운용하는 ETF",국내외 대표 전기차 및 2차전지 산업 관련 기업에 투자하는 ETF
414270,ACE G2전기차&자율주행액티브,2차전지(배터리),11495,305,2,2.73,209806,14545,7835,11190,11315,11565,11255,660,0,20,2,0.11,11565,7245,11189.53,2.73,574.75,-37.35,0.03,99.39,0.82,0.11,0.01,0.07,0.43,64.69,41,ACE G2전기차&자율주행액티브,0.05,0.26,0.2,2차전지(배터리),11495,"액티브상장지수펀드로 ""FactSet US-China Electric&Autonomous Vehicle Price Return Index""를 비교지수로 하여 비교지수 대비 초과 성과를 목표로 비중 변경 및 비교지수 구성종목 이외의 종목을 선별적으로 편입하여 운용하는 ETF","1) 이동의 미래, ‘전기차+자율주행+공유차’ 모빌리티 통합
  완성차 중심의 전기차 테마가 인공지능(AI), 자율주행, 빅데이터, 로봇, 플랫폼과의 융합을 통해 밸류체인을 확장
2) 전기차&자율주행 산업 G2 Top Player 집중 투자
  모빌리티 통합 밸류체인의 선두주자이며 성장 잠재력 지닌 미국과 중국의 산업 별 최상위 종목 투자
3) 액티브 ETF로 전략 대응
  한국투자신탁운용의 전기차 공모펀드 운용 노하우 바탕 ⇒ 시장 국면에 따른 액티브 전략 구사"
494340,ACE 글로벌AI맞춤형반도체,로보틱스 & AI,11640,290,2,2.56,48638,14755,7945,11350,11870,11870,11350,90,0,11,2,-0.25,11870,9695,11349.45,2.56,582.0,-18.32,0.03,98.06,0.81,0.21,0.0,0.03,0.43,64.37,107,ACE 글로벌AI맞춤형반도체,1.18,0.38,3.06,로보틱스 & AI,11640,"""Solactive AI Custom Semiconductor Index(PR)""를 기초지수로 하며 순자산가치의 일간변동률을 기초지수의 일간변동률과 유사하도록 운용하는 ETF",AI 반도체의 설계하고 생산하는 글로벌 기업 상위 10종목에 집중 투자하는 ETF
462340,에셋플러스 글로벌다이나믹시니어액티브,글로벌자산,14460,355,2,2.52,290,18335,9875,14105,14105,14500,14105,73,0,28,2,0.14,14500,10075,14104.56,2.52,723.0,-30.52,0.03,99.72,0.82,0.11,0.0,0.08,0.43,63.94,118,에셋플러스 글로벌다이나믹시니어액티브,0.32,0.14,2.3,글로벌자산,14460,"액티브상장지수펀드로 ""S&P500 Index (Price Return)""를 비교지수로 하여 비교지수 대비 초과 성과를 목표로 비중 변경 및 비교지수 구성종목 이외의 종목을 선별적으로 편입하여 운용하는 ETF",노령인구 비중 확대에 따라 다이나믹 시니어의 소비 욕구를 실현해주는 제품 또는 서비스를 판매하는 비즈니스 모델을 갖춘 기업에 투자하는 ETF
435040,ACE 글로벌브랜드TOP10블룸버그,글로벌자산,18230,470,2,2.65,114910,23085,12435,17760,17780,18300,17780,141,14208000000,11,2,0.44,18300,12295,17759.38,2.65,911.5,-32.81,0.03,99.62,0.82,0.09,0.01,0.03,0.43,63.62,92,ACE 글로벌브랜드TOP10블룸버그,0.29,0.17,1.76,글로벌자산,18230,"""Bloomberg Global Select Industry Leaders TOP10 Index(PR)""를 기초지수로 하며 순자산가치의 일간변동률을 기초지수의 일간변동률과 유사하도록 운용하는 ETF","1) 글로벌 산업을 주도하는 “브랜드 경쟁력” 보유 기업
2) 영업이익 성장으로 이어지는 브랜드 선호도, 제품 충성도
3) 10가지 업종 No.1 글로벌 브랜드 기업에 분산 투자"
481190,SOL 미국테크TOP10,빅테크,13300,300,2,2.31,132056,16900,9100,13000,13140,13325,13140,1205,0,11,2,-0.17,13325,9400,12999.71,2.31,665.0,-29.46,0.02,99.81,0.81,0.12,0.01,0.06,0.42,63.3,27,SOL 미국테크TOP10,0.65,0.28,2.35,빅테크,13300,"""Solactive US Tech TOP 10 Custom Index(PR)""를 기초지수로 하며 순자산가치의 일간변동률을 기초지수의 일간변동률과 유사하도록 운용하는 ETF",미국의 빅테크 상위 10개 기업에 집중 투자하는 ETF
465670,TIGER 미국캐시카우100,글로벌자산,13470,140,2,1.05,10843,17325,9335,13330,13385,13490,13340,133,13330000000,100,0,-0.24,13490,10118,13330.03,1.05,673.5,-25.0,0.01,99.85,0.75,0.15,0.0,0.3,0.42,63.03,93,TIGER 미국캐시카우100,0.29,0.15,1.96,글로벌자산,13470,"""Global X U.S. Cash Flow Kings 100 Index(TR)""를 기초지수로하며 순자산가치의 일간변동률을 기초지수의 일간변동률과 유사하도록 운용하는 ETF",미국 대형 기업 중 잉여현금흐름 수익률이 높은 기업에 투자하는 ETF
394350,KOSEF 글로벌퓨처모빌리티,차세대모빌리티,12160,310,2,2.62,18087,15405,8295,11850,12300,12300,12100,291,28440000000,2,2,-1.55,12480,8880,11849.54,2.62,608.0,-28.85,0.03,97.44,0.81,0.13,0.01,0.01,0.42,63.0,64,KOSEF 글로벌퓨처모빌리티,0.06,0.26,0.22,차세대모빌리티,12160,"""MSCI ACWI IMI 퓨처모빌리티 ESG 지수(시장가격)""를 기초지수로 하며 순자산가치의 일간변동률을 기초지수의 일간변동률과 유사하도록 운용하는 ETF",차세대 모빌리티 산업과 모빌리티 산업의 성장을 위해 필요한 밸류체인에 속하는 글로벌 기업에 투자하는 ETF
391600,ACE 미국친환경그린테마INDXX,친환경에너지,9430,180,2,1.95,6724,12025,6475,9250,9370,9430,9365,149,0,50,2,-0.49,9890,7710,9249.63,1.95,471.5,-22.04,0.02,95.35,0.77,0.19,0.0,0.15,0.42,62.99,90,ACE 미국친환경그린테마INDXX,-0.01,0.27,-0.05,친환경에너지,9430,"""Indxx US Green Infrastructure Price return Index""를 기초지수로 하며 순자산가치의 일간변동률을 기초지수의 일간변동률과 유사하도록 운용하는 ETF","기후변화 리스크 근본적 대응을 돕는 “친환경 테크”를 보유한 미국 대표 기업에 투자하는 ETF

*친환경 테크
①친환경 연료, ②환경오염 통제, ③친환경에너지 관련 장비, ④폐기물 처리, ⑤친환경 재생에너지, ⑥친환경 운송수단, ⑦환경 개발관리 및 운영"
490090,TIGER 미국AI빅테크10,로보틱스 & AI,11785,185,2,1.59,268442,15080,8120,11600,11725,11805,11645,1234,123540000000,11,2,-0.11,11805,9120,11600.55,1.59,589.25,-22.74,0.02,99.83,0.78,0.17,0.03,0.06,0.42,62.82,26,TIGER 미국AI빅테크10,0.88,0.21,4.12,로보틱스 & AI,11785,"""KEDI 미국AI빅테크10 지수(PR)""를 기초지수로 하며 순자산가치의 일간변동률을 기초지수의 일간변동률과 유사하도록 운용하는 ETF","방송콘텐츠, IT, IT인프라, 미디어, 소셜네트워크, 운송장비 제조업에 해당하는 기업 중 AI 관련 사업을 영위하는 시가총액이 가장 큰 10개 종목에 투자하는 ETF"
464930,TIGER 글로벌혁신블루칩TOP10,빅테크,16195,310,2,1.95,69934,20650,11120,15885,15995,16210,15995,1567,157261500000,11,2,0.04,16210,9870,15885.24,1.95,809.75,-39.11,0.02,99.91,0.79,0.08,0.03,0.06,0.42,62.65,20,TIGER 글로벌혁신블루칩TOP10,0.45,0.2,2.24,빅테크,16195,"""Mirae Asset Global Innovative Bluechip Top 10 Index(Net Total Return)""를 기초지수로하며 순자산가치의 일간변동률을 기초지수의 일간변동률과 유사하도록 운용하는 ETF","혁신 테마인 AI & 빅데이터, 반도체, 차세대 이동수단, 배터리 및 재생에너지, 헬스케어 및 바이오테크 관련 글로벌 기업에 투자하는 ETF"
472160,TIGER 미국테크TOP10 INDXX(H),빅테크,15095,185,2,1.24,716067,19380,10440,14910,15060,15095,14925,2034,211722000000,11,2,0.02,15095,9945,14910.11,1.24,754.75,-34.12,0.01,100.0,0.76,0.1,0.07,0.07,0.42,62.49,14,TIGER 미국테크TOP10 INDXX(H),0.55,0.25,2.17,빅테크,15095,"""Indxx US Tech Top 10 지수""를 기초지수로하며 순자산가치의 일간변동률을 기초지수의 일간변동률과 유사하도록 운용하는 ETF",미국의 빅테크 10개 기업에 집중 투자하는 ETF(환헤지 상품으로 원달러 환율 변화에 의한 손익 변동 영향은 작은 편임)
371160,TIGER 차이나항셍테크,빅테크,7100,35,2,0.5,1211355,9180,4950,7065,7040,7195,7040,5790,595226250000,31,2,-0.47,8255,4405,7064.68,0.5,355.0,-46.64,0.0,86.01,0.67,0.13,0.15,0.22,0.42,62.44,5,TIGER 차이나항셍테크,-0.08,0.36,-0.22,빅테크,7100,"""Hang Seng TECH Index""를 기초지수로 하며 순자산가치의 일간변동률을 기초지수의 일간변동률과 유사하도록 운용하는 ETF","홍콩증시의 대표적인 신경제 기업인 ATMX(Alibaba, Tencent, Meituan, Xiaomi)등을 비롯하여 유니콘 기업 등에 투자하는 ETF"
491830,TIGER 미국AI반도체팹리스,로보틱스 & AI,11240,180,2,1.63,33941,14375,7745,11060,11195,11280,11170,196,22120000000,11,2,-1.63,11495,9715,11059.73,1.63,562.0,-15.48,0.02,97.78,0.77,0.25,0.01,0.03,0.41,61.99,75,TIGER 미국AI반도체팹리스,0.52,0.31,1.67,로보틱스 & AI,11240,"""Mirae Asset US AI Fabless Index""를 기초지수로 하며 순자산가치의 일간변동률을 기초지수의 일간변동률과 유사하도록 운용하는 ETF","반도체 설계에 특화된 팹리스 기업 중 AI 가속기와 네트워크 인프라, AI 가속기나 고속 통신을 위한 인터페이스에 필요한 IP 블록 제품 관련 기업에 투자하는 ETF"
412770,TIGER 글로벌메타버스액티브,메타버스,11925,145,2,1.23,35629,15310,8250,11780,11795,11965,11790,1135,113441400000,46,2,-1.2,11965,8025,11780.1,1.23,596.25,-32.93,0.01,99.67,0.76,0.12,0.02,0.16,0.41,61.8,30,TIGER 글로벌메타버스액티브,0.06,0.25,0.22,메타버스,11925,"액티브상장지수펀드로 ""Indxx Global Metaverse Index (Price Return)""를 비교지수로 하여 비교지수 대비 초과 성과를 목표로 비중 변경 및 비교지수 구성종목 이외의 종목을 선별적으로 편입하여 운용하는 ETF","메타버스 시장 성장에 따른 수혜 산업으로 사용자 경험, 생태계 플랫폼, IT인프라를 핵심 테마로 하여 유니버스를 구성하며 테마 적합도, 산업 성장성, 시장 점유율, 수익성/안정성, 밸류에이션 등을 감안하여 포트폴리오를 구성"
411050,ACE 글로벌메타버스테크액티브,메타버스,14485,305,2,2.15,4540,18430,9930,14180,14360,14500,14360,200,0,34,2,-0.72,15000,9470,14180.13,2.15,724.25,-36.87,0.02,96.57,0.79,0.09,0.0,0.1,0.41,61.79,71,ACE 글로벌메타버스테크액티브,0.12,0.27,0.46,메타버스,14485,"액티브상장지수펀드로 ""Bloomberg Global Digital Media & Tech Select Price Return Index""를 비교지수로 하여 비교지수 대비 초과 성과를 목표로 비중 변경 및 비교지수 구성종목 이외의 종목을 선별적으로 편입하여 운용하는 ETF","1) 메타버스 생태계의 근본, 글로벌 메타버스 인프라 기업에 주목
  메타버스는 단순한 콘텐츠 개념에 국한되지 않음. 메타버스 생태계를 이루기위한 근본 기술력 지닌 글로벌 테크기업에 주목
2) 메타버스를 이끄는 5가지 핵심 영역에 투자
  ① HMD(AR/VR) ② 하드웨어 인프라 ③ 소프트웨어 인프라 ④ 3D 모델링&시뮬레이션 ⑤ 컨텐츠 미디어 플랫폼
3) 메타버스 시장에 탄력적으로 대응하는 액티브 ETF!
  한국투자신탁운용 IT섹터 애널리스트/펀드매니저들의 메타버스 기술 이해를 바탕으로 장기적 성장 잠재력을 지닌 글로벌 기업 선별!"
429990,SOL 한국형글로벌플랫폼&메타버스액티브,메타버스,16715,255,2,1.55,19,21395,11525,16460,16595,16715,16590,9,0,51,12,-0.09,16715,11225,16459.87,1.55,835.75,-32.84,0.02,100.0,0.77,0.1,0.0,0.15,0.41,61.59,155,SOL 한국형글로벌플랫폼&메타버스액티브,0.26,0.21,1.23,메타버스,16715,"액티브상장지수펀드로 ""Dow Jones Internet Korea Tilted Index(PR)""를 비교지수로 하여 비교지수 대비 초과 성과를 목표로 비중 변경 및 비교지수 구성종목 이외의 종목을 선별적으로 편입하여 운용하는 ETF",인터넷 산업 변화 흐름을 선도하는 국내외 대표 플랫폼 및 메타버스 관련 기업 50종목에 투자하는 ETF
483330,ACE 마이크로소프트밸류체인액티브,로보틱스 & AI,12865,225,2,1.78,131576,16430,8850,12640,13000,13000,12645,541,0,18,2,0.27,13000,8910,12640.01,1.78,643.25,-31.46,0.02,98.96,0.78,0.12,0.01,0.06,0.41,61.29,44,ACE 마이크로소프트밸류체인액티브,0.56,0.28,1.99,로보틱스 & AI,12865,"액티브상장지수펀드로 ""KEDI 글로벌생성형AI 지수""를 비교지수로 하여 비교지수 대비 초과 성과를 목표로 비중 변경 및 비교지수 구성종목 이외의 종목을 선별적으로 편입하여 운용하는 ETF",생성형 AI 시장을 주도하는 마이크로소프트(25% 이내)를 포함 생성형 AI 인프라 관련 기업과 AI 모델을 보유하고 개발하는 기업데 투자하는 ETF
485540,KODEX 미국AI테크TOP10,로보틱스 & AI,11375,190,2,1.7,173193,14540,7830,11185,11280,11425,11280,805,0,11,2,-0.32,11425,7857,11184.86,1.7,568.75,-31.23,0.02,99.56,0.78,0.13,0.01,0.05,0.41,61.2,38,KODEX 미국AI테크TOP10,0.39,0.32,1.2,로보틱스 & AI,11375,"""KEDI 미국AI테크TOP10 지수(PR)""를 기초지수로 하며 순자산가치의 일간변동률을 기초지수의 일간변동률과 유사하도록 운용하는 ETF",미국에 상장된 AI테크 상위 10개종목에 투자하는 ETF
314250,KODEX 미국빅테크10(H),빅테크,46685,645,2,1.4,70995,59850,32230,46040,46605,46795,46605,6060,0,13,12,-0.1,46795,30550,46040.43,1.4,2334.25,-34.72,0.01,99.76,0.77,0.06,0.0,0.17,0.41,60.98,6,KODEX 미국빅테크10(H),0.3,0.3,1.01,빅테크,46685,"""NYSE FANG+TM Index""를 기초지수로 하며 순자산가치의 일간변동률을 기초지수의 일간변동률과 유사하도록 운용하는 ETF","메타(옛 페이스북, F), 애플(A), 아마존(A), 넷플릭스(N), 구글(G)뿐만 아니라 테슬라, 마이크로소프트, 알리바바, 바이두, 엔비디아를 포함한 미국 상장 대표 기술주에 집중 투자할 수 있는 ETF

*환헤지 상품으로 원달러 환율 변화에 의한 손익 변동 영향은 작은 편임"
276990,KODEX 글로벌로봇(합성),로보틱스 & AI,19315,310,2,1.63,8242,24705,13305,19005,19010,19360,19010,224,0,3,12,-0.68,19360,15540,19005.21,1.63,965.75,-19.73,0.02,99.77,0.78,0.17,0.0,0.01,0.41,60.75,70,KODEX 글로벌로봇(합성),0.1,0.18,0.53,로보틱스 & AI,19315,"""ROBO Global Robotics & Automation UCITS Price Return Index""의 성과를 가장 효율적으로 추종하는 것을 목표로 하는 ETF(합성은 증권사에서 제공하는 장외파생상품인 TRS를 통해 투자하는 방식)","4차산업의 핵심 키워드 ‘로보틱스’
- 로보틱스(로봇공학)는 4차산업의 핵심 키워드 중 하나로 앞으로의 산업 발전에 있어서 빼놓을 수 없는 중요한 분야 중 하나
- 로보틱스 및 자동화 관련 산업의 글로벌 선도기업과, 관련 산업 성장에 따라 매출이 발생할 것으로 기대되는 잠재기업으로 구성"
491010,TIGER 글로벌AI인프라액티브,로보틱스 & AI,14350,210,2,1.49,68365,18380,9900,14140,14500,14500,14255,376,37753800000,27,2,0.15,14500,9915,14139.32,1.49,717.5,-31.62,0.01,98.97,0.77,0.11,0.01,0.09,0.41,60.73,57,TIGER 글로벌AI인프라액티브,2.55,0.28,9.28,로보틱스 & AI,14350,"액티브상장지수펀드로 ""Mirae Asset AI Infrastructure 지수 (NTR)""를 비교지수로 하여 비교지수 대비 초과 성과를 목표로 비중 변경 및 비교지수 구성종목 이외의 종목을 선별적으로 편입하여 운용하는 ETF","전력 및 에너지, 데이터센터, 원자재 및 에너지원 관련 AI 인프라 기업에 선별하여 투자하는 AI 인프라 밸류체인 ETF"
269530,PLUS S&P글로벌인프라,인프라스트럭처,17525,215,2,1.24,1712,22500,12120,17310,17160,17525,17160,70,6924000000,78,2,-0.01,18505,12920,17310.35,1.24,876.25,-30.18,0.01,94.7,0.74,0.11,0.0,0.23,0.4,60.44,122,PLUS S&P글로벌인프라,0.09,0.18,0.52,인프라스트럭처,17525,"""S&P Global Infrastructure Index""를 기초지수로 하며 순자산가치의 일간변동률을 기초지수의 일간변동률과 유사하도록 운용하는 ETF","주요 선진국들은 경기 부양 및 일자리 창출을 위해 인프라 투자를 위해 노력 중
미국 바디은 정부는 대규모 인프라 투자를 통해 미국의 장기 성장과 효율성 확대를 위한 발판으로 삼을 계획"
483340,ACE 구글밸류체인액티브,클라우드컴퓨팅,11060,160,2,1.47,130897,14170,7630,10900,10790,11085,10790,445,0,20,2,0.29,11455,8055,10899.77,1.47,553.0,-29.68,0.01,96.55,0.76,0.14,0.01,0.07,0.4,59.88,49,ACE 구글밸류체인액티브,0.18,0.33,0.55,클라우드컴퓨팅,11060,"액티브상장지수펀드로 ""KEDI 글로벌 AI 클라우드 지수""를 비교지수로 하여 비교지수 대비 초과 성과를 목표로 비중 변경 및 비교지수 구성종목 이외의 종목을 선별적으로 편입하여 운용하는 ETF","AI 기반 데이터 분석 및 머신러닝에 강점인 클라우드 서비스를 제공하는 구글(25% 이내)을 중심으로 AI클라우드 산업에 필요한 데이터 센터, 고성능 컴퓨팅, 전력 인프라, 사이버 보안 기업에 투자하는 ETF"
424460,HANARO 글로벌워터MSCI(합성),친환경에너지,14595,195,2,1.35,2318,18720,10080,14400,14545,14595,14465,86,8640000000,4,12,0.01,14595,11400,14400.59,1.35,729.75,-21.89,0.01,100.0,0.77,0.16,0.0,0.01,0.4,59.86,112,HANARO 글로벌워터MSCI(합성),0.15,0.16,0.99,친환경에너지,14595,"""MSCI ACWI IMI Water ESG Filtered (Price Return) Index""의 성과를 가장 효율적으로 추종하는 것을 목표로 하는 ETF(합성은 증권사에서 제공하는 장외파생상품인 TRS를 통해 투자하는 방식)",기후 변화와 급격한 산업화로 급격히 증가하고 있는 물 수요로 성장이 예상되는 용수시설 산업에 투자하는 ETF
428510,KODEX 차이나메타버스액티브,메타버스,11710,165,2,1.43,122,15005,8085,11545,11710,11715,11710,57,0,25,2,-1.19,12010,8450,11544.91,1.43,585.5,-29.64,0.01,97.5,0.76,0.13,0.0,0.07,0.4,59.79,130,KODEX 차이나메타버스액티브,0.06,0.26,0.24,메타버스,11710,"액티브상장지수펀드로 ""Bloomberg Greater China Media & Tech Index(Price Return)""를 비교지수로 하여 비교지수 대비 초과 성과를 목표로 비중 변경 및 비교지수 구성종목 이외의 종목을 선별적으로 편입하여 운용하는 ETF","1. 중국, 홍콩, 대만의 메타버스 관련 기업에 투자하는 ETF
- 중국 메타버스 시장 구축의 핵심 종목들에 주로 투자하는 ETF입니다.
- 메타버스 기반 중국 테크기업들 위주로 구성되어 있으며, 홍콩과 대만의 메타버스 관련 기업들도 포함되어 있습니다.

2. 알파를 추구하며 적극적으로 운용하는 '액티브' ETF
- 실시간으로 거래가능한 ETF의 특성과, 투자종목과 비중을 적극적으로 조정할 수 있는 액티브 펀드의 특성을 동시에 가지고 있습니다.
- 액티브 ETF는 비교지수와의 상관계수 0.7 이상을 유지하면서, 적극적으로 알파를 추구할 수 있습니다.(일반 ETF : 0.9 이상)"
480310,TIGER 글로벌온디바이스AI,로보틱스 & AI,10770,175,2,1.65,113066,13770,7420,10595,10690,10780,10690,1464,149919250000,16,2,-0.62,12047,8698,10595.18,1.65,538.5,-27.8,0.02,89.4,0.74,0.15,0.03,0.08,0.4,59.76,22,TIGER 글로벌온디바이스AI,0.14,0.32,0.43,로보틱스 & AI,10770,"""Mirae Asset Global On-Device AI 지수 (세후 총수익 지수)""를 기초지수로 하며 순자산가치의 일간변동률을 기초지수의 일간변동률과 유사하도록 운용하는 ETF",스마트폰과 같은 개인용 휴대 장비에서 인터넷 연결 없이 구동되는 AI 기술로 NPU(신경망처리장치) 반도체 밸류체인에 투자하는 ETF
487230,KODEX 미국AI전력핵심인프라,로보틱스 & AI,13610,130,2,0.96,535848,17520,9440,13480,13530,13625,13490,2291,0,11,2,-0.15,13625,8005,13480.59,0.96,680.5,-41.25,0.01,99.89,0.75,0.09,0.02,0.08,0.4,59.49,13,KODEX 미국AI전력핵심인프라,0.76,0.41,1.85,로보틱스 & AI,13610,"""iSelect 미국AI전력핵심인프라 지수""를 기초지수로 하며 순자산가치의 일간변동률을 기초지수의 일간변동률과 유사하도록 운용하는 ETF",AI 산업 성장에 필수 요소인 미국 전력 인프라인 산업에 투자하는 ETF
486450,SOL 미국AI전력인프라,로보틱스 & AI,13985,185,2,1.34,316524,17940,9660,13800,13540,14005,13540,1086,0,21,2,-0.41,14385,8000,13800.08,1.34,699.25,-44.39,0.01,97.22,0.75,0.08,0.01,0.08,0.4,59.42,32,SOL 미국AI전력인프라,1.08,0.37,2.92,로보틱스 & AI,13985,"""KEDI 미국AI전력인프라지수(PR)""를 기초지수로 하며 순자산가치의 일간변동률을 기초지수의 일간변동률과 유사하도록 운용하는 ETF",AI 산업 성장에 필수 요소인 미국 전력 인프라인 산업에 투자하는 ETF
275980,TIGER 글로벌4차산업혁신기술(합성 H),로보틱스 & AI,17520,105,2,0.6,27357,22635,12195,17415,17455,17610,17455,1157,114939000000,5,12,-0.86,17610,14810,17415.51,0.6,876.0,-15.9,0.01,99.49,0.73,0.22,0.02,0.04,0.4,59.32,28,TIGER 글로벌4차산업혁신기술(합성 H),0.08,0.2,0.39,로보틱스 & AI,17520,"""MorningStar Exponential Technologies Index(PR)""의 성과를 가장 효율적으로 추종하는 것을 목표로 하는 ETF(합성은 증권사에서 제공하는 장외파생상품인 TRS를 통해 투자하는 방식)","4차산업 성장으로 폭발적인 성장이 예상되는 글로벌 기업에 투자하는 ETF

*환헤지 상품으로 원달러 환율 변화에 의한 손익 변동 영향은 작은 편임"
475070,KoAct 글로벌기후테크인프라액티브,친환경에너지,15950,260,2,1.66,7590,20395,10985,15690,15750,16000,15750,94,0,34,2,-0.45,16863,9429,15689.55,1.66,797.5,-44.08,0.02,94.59,0.76,0.07,0.0,0.1,0.4,59.22,104,KoAct 글로벌기후테크인프라액티브,0.75,0.33,2.31,친환경에너지,15950,"액티브상장지수펀드로 ""Solactive Global Climate Technology Infrastructure Index(PR)""를 비교지수로 하여 비교지수 대비 초과 성과를 목표로 비중 변경 및 비교지수 구성종목 이외의 종목을 선별적으로 편입하여 운용하는 ETF","태양광, 풍력, 수소에너지, 스마트그리드, 신재생에너지 기술 관련 글로벌 기업에 투자하는 ETF"
475350,RISE 버크셔포트폴리오TOP10,글로벌자산,13010,125,2,0.97,60274,16750,9020,12885,12885,13025,12880,416,40587750000,12,2,0.3,13025,9620,12885.02,0.97,650.5,-26.14,0.01,99.88,0.75,0.14,0.01,0.04,0.4,59.08,52,RISE 버크셔포트폴리오TOP10,0.42,0.16,2.7,글로벌자산,13010,"""Solactive Berkshire Portfolio Top10 Index(TR)""를 기초지수로하며 순자산가치의 일간변동률을 기초지수의 일간변동률과 유사하도록 운용하는 ETF",워렌 버핏의 가치투자 전략을 추종하는 ETF
426330,KOSEF 미국ETF산업STOXX,글로벌자산,15575,160,2,1.04,594,20035,10795,15415,15415,15575,15415,30,5395250000,21,2,0.07,15575,11435,15414.69,1.04,778.75,-26.58,0.01,100.0,0.75,0.13,0.0,0.06,0.39,59.04,149,KOSEF 미국ETF산업STOXX,0.19,0.18,1.02,글로벌자산,15575,"""STOXX USA ETF Industry Index (KRW)""를 기초지수로 하며 순자산가치의 일간변동률을 기초지수의 일간변동률과 유사하도록 운용하는 ETF",ETF 산업의 성장과 더불어 성장하는 운용사를 포함한 ETF 상장 및 유지에 필요한 각종 서비스를 제공 제공하는 다양한 미국 기업에 투자하는 ETF
456680,TIGER 차이나전기차레버리지(합성),차세대모빌리티,6260,135,2,2.2,114350,9795,2455,6125,6195,6330,6140,506,51450000000,7,12,-1.97,7385,2895,6125.24,2.2,313.0,-60.8,0.02,84.77,0.74,0.13,0.01,0.03,0.39,58.45,46,TIGER 차이나전기차레버리지(합성),-0.25,0.55,-0.45,차세대모빌리티,6260,"""Solactive China Electric Vehicle And Battery 지수""를 기초지수로 하여 기초지수의 일일수익률 2배(X2) 추종을 목적으로 하는 ETF(합성은 증권사에서 제공하는 장외파생상품인 TRS를 통해 투자하는 방식)","가장 빠르게 성장하고 있으며, 미래에 가장 큰 소비 시장으로 기대되는 중국 전기차 관련 기업에 투자하는 ETF로서 레버리지를 통해 2배의 손익 효과를 추종"
488290,마이다스 일본테크액티브,빅테크,22255,135,2,0.61,29,28755,15485,22120,22425,22425,21980,84,8295000000,32,2,-0.14,22425,17705,22120.07,0.61,1112.75,-21.05,0.01,99.24,0.73,0.15,0.0,0.09,0.39,58.27,114,마이다스 일본테크액티브,0.38,0.22,1.74,빅테크,22255,"액티브상장지수펀드로 ""Solactive Japan Tech Top 30 지수(PR)""를 비교지수로 하여 비교지수 대비 초과 성과를 목표로 비중 변경 및 비교지수 구성종목 이외의 종목을 선별적으로 편입하여 운용하는 ETF",일본의 대표적인 테크기업에 투자하는 ETF
491090,KODEX 미국테크1조달러기업포커스,빅테크,12705,75,2,0.59,82021,16415,8845,12630,12675,12780,12630,354,0,11,2,-0.7,12780,10120,12630.48,0.59,635.25,-20.81,0.01,99.41,0.73,0.18,0.0,0.04,0.39,57.94,59,KODEX 미국테크1조달러기업포커스,1.48,0.21,6.97,빅테크,12705,"""KEDI 미국테크1조달러기업포커스 지수(Price Return)""를 기초지수로 하며 순자산가치의 일간변동률을 기초지수의 일간변동률과 유사하도록 운용하는 ETF",미국 초거대 빅테크 기업에 집중 투자하는 ETF
489010,PLUS 글로벌AI인프라,로보틱스 & AI,13060,100,2,0.77,2650,16845,9075,12960,12215,13210,12215,65,6480000000,12,2,-1.67,13225,9650,12960.21,0.77,653.0,-27.03,0.01,98.75,0.73,0.14,0.0,0.03,0.38,57.51,125,PLUS 글로벌AI인프라,1.05,0.31,3.36,로보틱스 & AI,13060,"""Solactive Global AI Infrastructure Index (PR)""를 기초지수로 하며 순자산가치의 일간변동률을 기초지수의 일간변동률과 유사하도록 운용하는 ETF","AI 산업에 필요한 반도체, 네트워크 장비, 서버, 전력 인프라 관련 우량 글로벌 기업에 투자하는 ETF"
394670,TIGER 글로벌리튬&2차전지SOLACTIVE(합성),2차전지(배터리),6880,25,2,0.36,104593,8910,4800,6855,6875,6960,6865,2610,261586800000,7,2,-1.55,7485,5120,6855.32,0.36,344.0,-31.6,0.0,91.92,0.69,0.17,0.05,0.08,0.38,57.42,11,TIGER 글로벌리튬&2차전지SOLACTIVE(합성),-0.11,0.25,-0.42,2차전지(배터리),6880,"""Solactive Global Lithium 지수(Net Total Return)""의 성과를 가장 효율적으로 추종하는 것을 목표로 하는 ETF(합성은 증권사에서 제공하는 장외파생상품인 TRS를 통해 투자하는 방식)",전기차의 시장 확대로 폭발적인 성장이 예상되는 2차전지와 2차전지에서 가장 중요한 리튬과 관련된 글로벌 기업에 투자하는 ETF
483420,ACE 애플밸류체인액티브,빅테크,10690,125,2,1.18,83139,13730,7400,10565,10565,10710,10565,229,0,17,2,-1.14,11795,8670,10565.33,1.18,534.5,-26.49,0.01,90.63,0.72,0.15,0.0,0.05,0.38,57.13,69,ACE 애플밸류체인액티브,0.12,0.34,0.35,빅테크,10690,"액티브상장지수펀드로 ""Bloomberg Top 30 Supply Chain Plus Apple Price Return Index""를 비교지수로 하여 비교지수 대비 초과 성과를 목표로 비중 변경 및 비교지수 구성종목 이외의 종목을 선별적으로 편입하여 운용하는 ETF",애플(25% 이내)과 애플의 핵심 협력사 기업 중 애플의 성장에 따른 수혜가 예상되는 기업 포트폴리오에 투자하는 ETF
479730,TIGER 인도빌리언컨슈머,내수소비,10700,0,3,0.0,72523,13910,7490,10700,10735,10870,10700,1628,176015000000,21,2,-0.38,11656,9707,10700.0,0.0,535.0,-16.72,0.0,91.8,0.67,0.24,0.03,0.1,0.38,56.77,19,TIGER 인도빌리언컨슈머,0.12,0.18,0.68,내수소비,10700,"""Mirae Asset India Billion Consumer 지수""를 기초지수로 하며 순자산가치의 일간변동률을 기초지수의 일간변동률과 유사하도록 운용하는 ETF",빠르게 성장하는 인도 내수시장과 함께 성장하는 인도 기업에 투자하는 ETF
428560,KODEX 미국ETF산업Top10 Indxx,글로벌자산,17845,90,2,0.51,8366,23080,12430,17755,17745,17845,17745,105,0,11,2,0.45,17990,12783,17754.45,0.51,892.25,-28.94,0.01,99.19,0.73,0.11,0.0,0.03,0.38,56.32,102,KODEX 미국ETF산업Top10 Indxx,0.28,0.17,1.58,글로벌자산,17845,"""Indxx US ETF Industry Top10 Index(Price Return)""를 기초지수로 하며 순자산가치의 일간변동률을 기초지수의 일간변동률과 유사하도록 운용하는 ETF",ETF 산업의 성장과 더불어 성장하는 운용사를 포함한 ETF 상장 및 유지에 필요한 각종 서비스를 제공 제공하는 미국 기업 10종목에 집중 투자하는 ETF
472490,HANARO 미국애그테크,농업,11825,5,2,0.04,1642,15365,8275,11820,11560,11835,11560,35,3546000000,17,2,-0.26,12110,9473,11820.27,0.04,591.25,-21.78,0.0,97.65,0.7,0.18,0.0,0.05,0.37,55.57,145,HANARO 미국애그테크,0.24,0.2,1.19,농업,11825,"""iSelect 미국 애그테크 지수(PR)""를 기초지수로하며 순자산가치의 일간변동률을 기초지수의 일간변동률과 유사하도록 운용하는 ETF","농업생명공학, ICT기술, 나노기술 등을 통한 스마트농업과 정밀농업(Precision Ag)을 실현하는 기술기업에 투자하는 ETF"
496770,PLUS 글로벌방산,방위산업,9830,-60,5,-0.61,94436,12855,6925,9890,9900,9915,9780,118,11868000000,11,2,-0.77,10320,9440,9890.33,-0.61,491.5,-8.53,-0.01,95.25,0.66,0.47,0.01,0.03,0.37,55.2,99,PLUS 글로벌방산,-0.52,0.22,-2.35,방위산업,9830,"""Solactive Global Defense Index(PR)""를 기초지수로 하며 순자산가치의 일간변동률을 기초지수의 일간변동률과 유사하도록 운용하는 ETF",글로벌 방산기업 TOP10에 집중 투자하는 ETF
372330,KODEX 차이나항셍테크,빅테크,7070,40,2,0.57,175666,9135,4925,7030,7010,7155,7010,1895,0,32,2,-0.39,8300,4393,7029.93,0.57,353.5,-47.07,0.01,85.18,0.67,0.13,0.01,0.14,0.37,54.6,15,KODEX 차이나항셍테크,-0.08,0.36,-0.22,빅테크,7070,"""Hang Seng TECH Index""를 기초지수로 하며 순자산가치의 일간변동률을 기초지수의 일간변동률과 유사하도록 운용하는 ETF","홍콩증시의 대표적인 신경제 기업인 ATMX(Alibaba, Tencent, Meituan, Xiaomi)등을 비롯하여 유니콘 기업 등에 투자하는 ETF"
269420,KODEX S&P글로벌인프라(합성),인프라스트럭처,18580,30,2,0.16,5479,24115,12985,18550,18535,18595,18375,161,0,4,12,-0.1,18925,13650,18550.32,0.16,929.0,-27.87,0.0,98.18,0.71,0.11,0.0,0.01,0.37,54.6,86,KODEX S&P글로벌인프라(합성),0.08,0.16,0.53,인프라스트럭처,18580,"""S&P Global Infrastructure Index""의 성과를 가장 효율적으로 추종하는 것을 목표로 하는 ETF(합성은 증권사에서 제공하는 장외파생상품인 TRS를 통해 투자하는 방식)","주요 선진국들은 경기 부양 및 일자리 창출을 위해 인프라 투자를 위해 노력 중
미국 바디은 정부는 대규모 인프라 투자를 통해 미국의 장기 성장과 효율성 확대를 위한 발판으로 삼을 계획"
473490,KOSEF 글로벌AI반도체,로보틱스 & AI,16410,60,2,0.37,27207,21255,11445,16350,16350,16465,16310,434,43327500000,16,2,-0.54,17429,9584,16349.51,0.37,820.5,-45.01,0.0,94.15,0.7,0.07,0.01,0.05,0.36,54.42,53,KOSEF 글로벌AI반도체,0.63,0.38,1.65,로보틱스 & AI,16410,"""Solactive Global AI Semiconductor Index (Price Return)""를 기초지수로하며 순자산가치의 일간변동률을 기초지수의 일간변동률과 유사하도록 운용하는 ETF",AI산업 발전을 주도하는 글로벌 AI발도체 기업과 AI반도체 밸류체인에 투자하는 ETF
371870,ACE 차이나항셍테크,빅테크,6845,35,2,0.51,12496,8850,4770,6810,6790,6970,6740,60,0,31,2,-1.14,8065,4265,6810.27,0.51,342.25,-47.12,0.01,84.87,0.67,0.13,0.0,0.09,0.36,53.34,124,ACE 차이나항셍테크,-0.09,0.36,-0.24,빅테크,6845,"""Hang Seng TECH Index""를 기초지수로 하며 순자산가치의 일간변동률을 기초지수의 일간변동률과 유사하도록 운용하는 ETF","홍콩증시의 대표적인 신경제 기업인 ATMX(Alibaba, Tencent, Meituan, Xiaomi)등을 비롯하여 유니콘 기업 등에 투자하는 ETF"
419430,KODEX 차이나2차전지MSCI(합성),2차전지(배터리),6650,25,2,0.38,5295,8610,4640,6625,6545,6700,6545,247,0,6,12,-1.16,7450,4340,6624.83,0.38,332.5,-41.74,0.0,89.26,0.68,0.15,0.0,0.02,0.36,53.32,66,KODEX 차이나2차전지MSCI(합성),-0.14,0.31,-0.46,2차전지(배터리),6650,"""MSCI China all shares IMI Select Batteries Index(Price Return)""의 성과를 가장 효율적으로 추종하는 것을 목표로 하는 ETF(합성은 증권사에서 제공하는 장외파생상품인 TRS를 통해 투자하는 방식)","1. 전기차의 핵심 부품인 2차전지 관련 중국 기업에 투자할 수 있는 ETF
- 중국은 전 세계에서 2차전지 수요가 가장 큰 나라 중 하나이며, 세계적인 배터리 기업들을 보유
- 글로벌 시장에서 높은 시장 점유율을 차지하고 있는 중국의 2차전지 대표기업들에 투자

2. LFP 배터리 강국인 중국의 2차전지 대형주에 집중 투자"
448510,HANARO 글로벌신재생에너지MSCI(합성),친환경에너지,7455,-20,5,-0.27,367,9715,5235,7475,7470,7490,7435,40,4111250000,3,12,-0.51,7975,6560,7475.18,-0.27,372.75,-17.74,-0.0,93.48,0.67,0.26,0.0,0.0,0.36,53.08,144,HANARO 글로벌신재생에너지MSCI(합성),-0.14,0.2,-0.69,친환경에너지,7455,"""MSCI ACWI IMI New Energy ESG Filtered (Price Return)""를 기초지수로하며 순자산가치의 일간변동률을 기초지수의 일간변동률과 유사하도록 운용하는 ETF(합성은 증권사에서 제공하는 장외파생상품인 TRS를 통해 투자하는 방식)",신재생에너지 관련 사업을 영위하는 글로벌 기업에 투자하는 ETF
269370,TIGER S&P글로벌인프라(합성),인프라스트럭처,14885,-40,5,-0.27,2063,19400,10450,14925,14930,14930,14645,127,12686250000,4,2,-0.57,15000,11033,14925.3,-0.27,744.25,-26.45,-0.0,99.23,0.69,0.13,0.0,0.01,0.35,53.03,96,TIGER S&P글로벌인프라(합성),0.08,0.15,0.57,인프라스트럭처,14885,"""S&P Global Infrastructure Index""의 성과를 가장 효율적으로 추종하는 것을 목표로 하는 ETF(합성은 증권사에서 제공하는 장외파생상품인 TRS를 통해 투자하는 방식)","주요 선진국들은 경기 부양 및 일자리 창출을 위해 인프라 투자를 위해 노력 중
미국 바디은 정부는 대규모 인프라 투자를 통해 미국의 장기 성장과 효율성 확대를 위한 발판으로 삼을 계획"
494840,TIGER 미국방산TOP10,방위산업,9505,-85,5,-0.89,111382,12465,6715,9590,9420,9550,9415,249,25413500000,11,2,-1.15,10230,9355,9590.35,-0.89,475.25,-8.55,-0.01,92.91,0.64,0.47,0.01,0.03,0.35,52.95,67,TIGER 미국방산TOP10,-0.25,0.24,-1.04,방위산업,9505,"""Mirae Asset US Defense Top 10 Index(PR)""를 기초지수로 하며 순자산가치의 일간변동률을 기초지수의 일간변동률과 유사하도록 운용하는 ETF",미국의 방위산업 상위 10개 기업에 투자하는 ETF
396510,TIGER 차이나클린에너지SOLACTIVE,친환경에너지,6445,0,3,0.0,3922,8375,4515,6445,6595,6595,6300,187,18561600000,41,2,-1.78,7640,4720,6445.0,0.0,322.25,-38.22,0.0,84.36,0.64,0.16,0.0,0.12,0.35,52.51,76,TIGER 차이나클린에너지SOLACTIVE,-0.12,0.26,-0.47,친환경에너지,6445,"""Solactive China Clean Energy 지수(Net Total Return)""를 기초지수로 하며 순자산가치의 일간변동률을 기초지수의 일간변동률과 유사하도록 운용하는 ETF",신재생에너지 산업 선두 국가인 중국의 클린에너지 테마에 투자하는 ETF
371150,RISE 차이나항셍테크,빅테크,6880,-10,5,-0.15,1867,8955,4825,6890,6860,7000,6830,74,7579000000,32,2,-1.33,8000,4300,6890.34,-0.15,344.0,-46.25,-0.0,86.0,0.64,0.13,0.0,0.09,0.34,51.14,115,RISE 차이나항셍테크,-0.08,0.36,-0.23,빅테크,6880,"""Hang Seng TECH Index""를 기초지수로 하며 순자산가치의 일간변동률을 기초지수의 일간변동률과 유사하도록 운용하는 ETF","홍콩증시의 대표적인 신경제 기업인 ATMX(Alibaba, Tencent, Meituan, Xiaomi)등을 비롯하여 유니콘 기업 등에 투자하는 ETF"
454180,KOSEF 차이나내수소비TOP CSI,내수소비,8600,-5,5,-0.06,3495,11185,6025,8605,8545,8700,8470,46,4732750000,51,2,-0.55,10654,6593,8605.16,-0.06,430.0,-38.12,-0.0,80.72,0.63,0.13,0.0,0.15,0.34,50.9,136,KOSEF 차이나내수소비TOP CSI,-0.06,0.26,-0.22,내수소비,8600,"""CSI SH-HK-SZ Consumer Top Index""를 기초지수로하며 순자산가치의 일간변동률을 기초지수의 일간변동률과 유사하도록 운용하는 ETF",중국의 내수 소배시장 성장할 경우 수혜가 예상되는 중국 소비재 생산기업에 투자하는 ETF
450180,KODEX 한중전기차(합성),2차전지(배터리),8700,-5,5,-0.06,24,11315,6095,8705,8700,8700,8700,60,0,6,12,-0.25,10130,7310,8705.22,-0.06,435.0,-27.84,-0.0,85.88,0.65,0.16,0.0,0.01,0.34,50.86,127,KODEX 한중전기차(합성),-0.05,0.23,-0.21,2차전지(배터리),8700,"""KRX CSI 한·중 전기차지수""를 기초지수로하며 순자산가치의 일간변동률을 기초지수의 일간변동률과 유사하도록 운용하는 ETF(합성은 증권사에서 제공하는 장외파생상품인 TRS를 통해 투자하는 방식)",한국과 중국의 전기차 및 2차전지 밸류체인 관련 기업에 동시에 투자하는 ETF
413220,SOL 차이나태양광CSI(합성),친환경에너지,4505,-50,5,-1.1,3342,5920,3190,4555,4540,4560,4495,46,0,5,12,-2.79,5280,3325,4555.11,-1.1,225.25,-37.03,-0.01,85.32,0.6,0.22,0.0,0.01,0.3,44.9,139,SOL 차이나태양광CSI(합성),-0.24,0.34,-0.71,친환경에너지,4505,"""CSI Photovoltaic Industry Index(PR)""의 성과를 가장 효율적으로 추종하는 것을 목표로 하는 ETF(합성은 증권사에서 제공하는 장외파생상품인 TRS를 통해 투자하는 방식)",중국 태양광산업 밸류체인에 투자하는 테마형 ETF
449680,TIGER 한중전기차(합성),2차전지(배터리),8435,-135,5,-1.58,189,11140,6000,8570,8570,8570,8435,71,7284500000,7,12,-0.78,9560,7100,8570.41,-1.58,421.75,-25.73,-0.02,88.23,0.59,0.18,0.0,0.02,0.28,42.29,119,TIGER 한중전기차(합성),-0.06,0.22,-0.26,2차전지(배터리),8435,"""KRX CSI 한·중 전기차지수""를 기초지수로하며 순자산가치의 일간변동률을 기초지수의 일간변동률과 유사하도록 운용하는 ETF(합성은 증권사에서 제공하는 장외파생상품인 TRS를 통해 투자하는 방식)",한국과 중국의 전기차 및 2차전지 밸류체인 관련 기업에 동시에 투자하는 ETF
481200,SOL 미국테크TOP10인버스(합성),빅테크,7590,-100,5,-1.3,899,9995,5385,7690,7560,7635,7560,61,0,5,12,0.6,10300,7560,7689.97,-1.3,379.5,-26.6,-0.01,73.69,0.54,0.18,0.0,0.01,0.27,39.71,128,SOL 미국테크TOP10인버스(합성),-0.38,0.27,-1.42,빅테크,7590,"""Solactive US Tech TOP 10 Custom Index(PR)""를 기초지수로 하여 기초지수의 일일수익률 -1배(X-1) 추종을 목적으로 하는 ETF(합성은 증권사에서 제공하는 장외파생상품인 TRS를 통해 투자하는 방식)",미국의 빅테크 상위 10개 기업의 역방향 투자효과를 내는 파생 ETF
326230,RISE 내수주플러스,내수소비,7945,-240,5,-2.93,3955,10640,5730,8185,8005,8015,7945,249,25046100000,60,2,-0.11,8850,7386,8184.82,-2.93,397.25,-16.54,-0.03,89.77,0.54,0.27,0.0,0.18,0.26,38.19,68,RISE 내수주플러스,-0.02,0.18,-0.13,내수소비,7945,"""FnGuide 내수주플러스 지수""를 기초지수로 하며 순자산가치의 일간변동률을 기초지수의 일간변동률과 유사하도록 운용하는 ETF",경기 둔화 및 변동성 장세에서 대안이 되는 안정적인 주가흐름을 보이는 내수주종목에 투자하는 ETF
402460,HANARO Fn K-메타버스MZ,메타버스,6505,-170,5,-2.55,2324,8675,4675,6675,6540,6585,6495,46,4672500000,31,2,0.14,7643,6375,6675.22,-2.55,325.25,-16.59,-0.03,85.11,0.53,0.29,0.0,0.09,0.25,37.99,137,HANARO Fn K-메타버스MZ,-0.11,0.24,-0.48,메타버스,6505,"""FnGuide K-메타버스 MZ 지수(시장가격)""를 기초지수로 하며 순자산가치의 일간변동률을 기초지수의 일간변동률과 유사하도록 운용하는 ETF","국내 메타버스 관련 기업에 투자하는 ETF

'메타버스(Metaverse)'란, 가공·추상·초월 등의 가상세계를 의미하는 메타(Meta)와 현실세계를 의미하는 유니버스 (Universe)의 합성어로 사회·문화·경제 등의 다양한 활동에서 가상과 현실이 상호작용하는 세계를 의미합니다."
407170,KCGI 스마트커머스액티브,E커머스,7680,-180,5,-2.29,153,10215,5505,7860,7760,7760,7660,39,0,24,2,0.14,9075,6800,7859.99,-2.29,384.0,-25.07,-0.02,84.63,0.54,0.19,0.0,0.07,0.25,37.67,143,KCGI 스마트커머스액티브,-0.07,0.18,-0.39,E커머스,7680,"액티브상장지수펀드로 ""FnGuide 스마트커머스 지수""를 비교지수로 하여 비교지수 대비 초과 성과를 목표로 비중 변경 및 비교지수 구성종목 이외의 종목을 선별적으로 편입하여 운용하는 ETF","지속 가능한 사업구조와 우수한 경영진을 지닌 저평가된 기업을 발굴하고 장기 투자함으로써 안정적이고, 지속적으로 비교지수 대비 초과성과를 창출을 목적으로 함"
373490,KODEX K-이노베이션액티브,퓨쳐텍크,10955,-245,5,-2.19,503,14560,7840,11200,11065,11095,10955,67,0,80,2,-0.45,14705,9528,11200.29,-2.19,547.75,-35.21,-0.02,74.5,0.51,0.12,0.0,0.24,0.25,36.74,123,KODEX K-이노베이션액티브,0.04,0.22,0.16,퓨쳐텍크,10955,"액티브상장지수펀드로 ""FnGuide K-이노베이션 지수""를 비교지수로 하여 비교지수 대비 초과 성과를 목표로 비중 변경 및 비교지수 구성종목 이외의 종목을 선별적으로 편입하여 운용하는 ETF","1. 비교지수 : Fn가이드 K-이노베이션 지수 (70% 이상)
· 국내 혁신 성장 기업군에 투자하여 코스피 대비 높은 장기 성과 추구

2. 내부 베스트 아이디어 적극 활용 (30% 이하)
· 삼성액티브자산운용 리서치 역량을 활용하여 K-이노베이션 지수 대비 높은 자본 이득 추구
· 추가 알파 창출 핵심 전략
  1) 향후 5년간 폭발적 성장이 기대되는 기업
  2) 시장지배력 혹은 성장 강도가 강화되는 기업
  3) 탁월하고 신뢰할 수 있는 경영진을 보유한 기업
  4) 활발한 연구개발 투자 기업
  5) 내재가치 대비 저평가 기업"
486240,DAISHIN343 AI반도체&인프라액티브,로보틱스 & AI,7060,-110,5,-1.53,581,9320,5020,7170,7170,7170,7060,158,15774000000,26,2,-0.22,10760,6950,7169.7,-1.53,353.0,-35.41,-0.02,65.61,0.5,0.16,0.0,0.08,0.24,36.57,84,DAISHIN343 AI반도체&인프라액티브,-0.51,0.39,-1.32,로보틱스 & AI,7060,"액티브상장지수펀드로 ""FnGuide AI반도체&인프라 지수""를 비교지수로 하여 비교지수 대비 초과 성과를 목표로 비중 변경 및 비교지수 구성종목 이외의 종목을 선별적으로 편입하여 운용하는 ETF","AI산업의 성장으로 동반 성장하는 반도체, 소프트웨어, 전력 등 AI 관련 인프라 산업에 투자하는 ETF"
469790,KOSEF K-테크TOP10,빅테크,9875,-215,5,-2.13,2283,13115,7065,10090,9925,10085,9875,30,3027000000,11,2,-0.51,12932,9635,10089.92,-2.13,493.75,-25.49,-0.02,76.36,0.52,0.17,0.0,0.03,0.24,35.27,148,KOSEF K-테크TOP10,0.08,0.23,0.36,빅테크,9875,"""Solactive K-TechTop10 Index(PR)""를 기초지수로하며 순자산가치의 일간변동률을 기초지수의 일간변동률과 유사하도록 운용하는 ETF","삼성전자, SK하이닉스, 네이버, 카카오 등 국내 대형 기술 기업 10종목에 집중 투자하는 ETF"
314700,HANARO 농업융복합산업,농업,8790,-225,5,-2.5,252,11715,6315,9015,8995,8995,8750,49,4958250000,30,2,0.13,11132,8735,9015.38,-2.5,439.5,-21.53,-0.02,78.96,0.51,0.2,0.0,0.09,0.24,35.16,135,HANARO 농업융복합산업,0.0,0.2,0.01,농업,8790,"""FnGuide 농업융복합산업 지수(시장가격)""를 기초지수로 하며 순자산가치의 일간변동률을 기초지수의 일간변동률과 유사하도록 운용하는 ETF",농업과 관련된 전방위 산업에 투자하는 국내 유일한 농업 테마 ETF
457930,BNK 미래전략기술액티브,퓨쳐텍크,9665,-285,5,-2.86,17,12935,6965,9950,9745,9745,9665,69,0,44,2,0.06,11510,9275,9949.56,-2.86,483.25,-19.42,-0.03,83.97,0.52,0.21,0.0,0.13,0.24,35.14,121,BNK 미래전략기술액티브,-0.01,0.21,-0.04,퓨쳐텍크,9665,"액티브상장지수펀드로 ""iSelect 미래전략기술지수 (PR)""를 비교지수로 하여 비교지수 대비 초과 성과를 목표로 비중 변경 및 비교지수 구성종목 이외의 종목을 선별적으로 편입하여 운용하는 ETF",정부에서 발표하는 국가전략기술을 기반으로 미래전략산업을 선정하여 유관산업과 미래 전략기술 트렌드 변화에 적극 대응하는 기업에 투자하는 ETF
407160,KCGI 테크미디어텔레콤액티브,로보틱스 & AI,7485,-165,5,-2.16,565,9945,5355,7650,7560,7570,7485,42,0,24,2,0.02,10360,7485,7650.25,-2.16,374.25,-27.75,-0.02,72.25,0.5,0.18,0.0,0.07,0.23,34.65,141,KCGI 테크미디어텔레콤액티브,-0.09,0.19,-0.48,로보틱스 & AI,7485,"액티브상장지수펀드로 ""FnGuide TMT 지수""를 비교지수로 하여 비교지수 대비 초과 성과를 목표로 비중 변경 및 비교지수 구성종목 이외의 종목을 선별적으로 편입하여 운용하는 ETF","지속 가능한 사업구조와 우수한 경영진을 지닌 저평가된 기업을 발굴하고 장기 투자함으로써 안정적이고, 지속적으로 비교지수 대비 초과성과를 창출을 목적으로 함"
367740,HANARO Fn5G산업,5G(차세대통신),11375,-285,5,-2.44,7818,15155,8165,11660,11570,11570,11375,40,4081000000,31,2,0.0,14830,11307,11659.49,-2.44,568.75,-23.76,-0.02,76.7,0.51,0.17,0.0,0.09,0.23,34.35,138,HANARO Fn5G산업,0.06,0.2,0.32,5G(차세대통신),11375,"""FnGuide 5G 산업 지수""를 기초지수로 하며 순자산가치의 일간변동률을 기초지수의 일간변동률과 유사하도록 운용하는 ETF",4차 산업혁명의 핵심 인프라인 5세대 이동통신(5G) 밸류체인을 구성하는 핵심기업에 투자하는 ETF
438320,TIGER 차이나항셍테크레버리지(합성 H),빅테크,6690,-110,5,-1.62,81480,10880,2720,6800,6750,6870,6645,269,28356000000,8,12,-0.77,10890,3685,6800.16,-1.62,334.5,-66.16,-0.02,61.43,0.48,0.11,0.01,0.02,0.22,33.58,63,TIGER 차이나항셍테크레버리지(합성 H),-0.13,0.73,-0.18,빅테크,6690,"""Hang Seng TECH Index""를 기초지수로 하여 기초지수의 일일수익률 2배(X2) 추종을 목적으로 하는 ETF(합성은 증권사에서 제공하는 장외파생상품인 TRS를 통해 투자하는 방식)",Hang Seng TECH Index의 일간 변동폭을 레버리지를 통해 2배의 손익 효과를 추종하도록 투자하는 ETF
387280,TIGER 퓨처모빌리티액티브,차세대모빌리티,6740,-150,5,-2.18,3801,8955,4825,6890,6880,6880,6735,151,16467100000,37,2,0.16,10240,6735,6890.21,-2.18,337.0,-34.23,-0.02,65.82,0.47,0.17,0.0,0.11,0.22,33.18,82,TIGER 퓨처모빌리티액티브,-0.1,0.27,-0.36,차세대모빌리티,6740,"액티브상장지수펀드로 ""FnGuide 퓨처모빌리티 지수""를 비교지수로 하여 비교지수 대비 초과 성과를 목표로 비중 변경 및 비교지수 구성종목 이외의 종목을 선별적으로 편입하여 운용하는 ETF","퓨처모빌리티'란 IT, AI, 에너지, 통신, 인터넷, 유틸리티, 기계 인프라, 우주항공 등의 복합기술이 융합된 이동 수단을 의미
퓨처모빌리티 관련 메가트렌드를 분류하고 세부 섹터 유니버스를 구성하여 현재 시장을 주도 하는 종목으로 포트폴리오룰 구성"
407300,HANARO Fn골프테마,게임&엔터&스포츠,5015,-160,5,-3.09,342,6725,3625,5175,5065,5070,5015,18,1811250000,31,2,0.04,6266,5015,5174.9,-3.09,250.75,-19.96,-0.03,80.04,0.49,0.29,0.0,0.09,0.22,33.03,152,HANARO Fn골프테마,-0.18,0.21,-0.85,게임&엔터&스포츠,5015,"""FnGuide 골프 테마 지수""를 기초지수로 하며 순자산가치의 일간변동률을 기초지수의 일간변동률과 유사하도록 운용하는 ETF",코로나 여파로 가장 큰 수혜를 입은 골프 산업에 투자하는 ETF
364960,TIGER BBIG,뉴딜,5905,-220,5,-3.59,256312,7960,4290,6125,5995,6030,5890,1470,147612500000,13,2,-0.06,6748,5400,6124.88,-3.59,295.25,-19.98,-0.04,87.51,0.5,0.26,0.04,0.07,0.22,32.99,21,TIGER BBIG,-0.12,0.23,-0.51,뉴딜,5905,"""KRX BBIG K-뉴딜지수""를 기초지수로 하며 순자산가치의 일간변동률을 기초지수의 일간변동률과 유사하도록 운용하는 ETF","글로벌 시장을 선도하는 한국의 주도산업, BBIG! BBIG 대표 기업에 투자하는 ETF"
422260,VITA MZ소비액티브,내수소비,7215,-170,5,-2.3,36781,9600,5170,7385,7280,7300,7215,111,0,21,2,0.03,10300,7000,7384.85,-2.3,360.75,-32.04,-0.02,70.05,0.49,0.17,0.0,0.06,0.22,32.87,97,VITA MZ소비액티브,-0.09,0.23,-0.41,내수소비,7215,"액티브상장지수펀드로 ""FnGuide MZ 소비 지수""를 비교지수로 하여 비교지수 대비 초과 성과를 목표로 비중 변경 및 비교지수 구성종목 이외의 종목을 선별적으로 편입하여 운용하는 ETF",MZ세대에 의한 장기적이고 구조적인 성장 기업에 투자하는 ETF
385520,KODEX K-미래차액티브,차세대모빌리티,7040,-175,5,-2.43,5481,9375,5055,7215,7120,7150,7040,155,0,39,2,0.01,10230,7040,7215.33,-2.43,352.0,-31.18,-0.02,68.82,0.47,0.17,0.0,0.12,0.22,32.55,89,KODEX K-미래차액티브,-0.08,0.22,-0.37,차세대모빌리티,7040,"액티브상장지수펀드로 ""FnGuide K-미래차 지수""를 비교지수로 하여 비교지수 대비 초과 성과를 목표로 비중 변경 및 비교지수 구성종목 이외의 종목을 선별적으로 편입하여 운용하는 ETF","1. 성장성이 기대되는 미래차 산업에 투자하는 ETF
- 자율주행차, 자동차 전자장비화 등으로 대표되는 미래차 산업은 10년 이상 이어질 장기 트렌드 중 하나입니다.
- 이러한 미래차 산업의 밸류체인에 해당하거나 미래차 산업을 이끌 핵심 국내 기업들에 투자할 수 있는 ETF입니다.

2. 알파를 추구하며 적극적으로 운용하는 '액티브' ETF
- 실시간으로 거래가능한 ETF의 특성과, 투자종목과 비중을 적극적으로 조정할 수 있는 액티브 펀드의 특성을 동시에 가지고 있습니다.
- 액티브 ETF는 비교지수와의 상관계수 0.7 이상을 유지하면서, 적극적으로 알파를 추구할 수 있습니다.(일반 ETF : 0.9 이상)"
381560,HANARO Fn전기&수소차,차세대모빌리티,6705,-190,5,-2.76,6059,8960,4830,6895,6855,6855,6670,155,15513750000,31,2,0.1,9092,6655,6895.31,-2.76,335.25,-26.8,-0.03,73.75,0.48,0.2,0.0,0.09,0.21,32.06,87,HANARO Fn전기&수소차,-0.09,0.23,-0.38,차세대모빌리티,6705,"""FnGuide 전기&수소차 지수 (시장가격)""를 기초지수로 하며 순자산가치의 일간변동률을 기초지수의 일간변동률과 유사하도록 운용하는 ETF",내연기관자동차를 대체할 차세대 자동차로 동력인 전기차 및 수소차와 관련된 국내 기업에 투자하는 ETF
441540,HANARO Fn조선해운,조선,13130,-420,5,-3.1,96479,17615,9485,13550,13205,13365,13035,408,40650000000,17,2,-0.48,15370,9524,13550.05,-3.1,656.5,-38.04,-0.03,85.43,0.51,0.1,0.01,0.06,0.21,31.66,51,HANARO Fn조선해운,0.19,0.31,0.6,조선,13130,"""FnGuide 조선해운지수""를 기초지수로하며 순자산가치의 일간변동률을 기초지수의 일간변동률과 유사하도록 운용하는 ETF",국내 조선 및 해상운수 업종에 투자하는 ETF
438900,HANARO Fn K-푸드,E커머스,9875,-300,5,-2.95,141612,13225,7125,10175,10035,10035,9875,163,16280000000,30,2,-0.21,12875,8432,10175.17,-2.95,493.75,-34.51,-0.03,76.7,0.48,0.13,0.01,0.09,0.21,30.91,81,HANARO Fn K-푸드,0.04,0.2,0.21,E커머스,9875,"""FnGuide K-푸드 지수 (시장가격)""를 기초지수로하며 순자산가치의 일간변동률을 기초지수의 일간변동률과 유사하도록 운용하는 ETF",국내 식음료 관련 기업에 투자하는 ETF
226380,ACE Fn성장소비주도주,내수소비,5330,-200,5,-3.62,58,7185,3875,5530,5465,5465,5330,49,0,52,2,0.21,6535,5185,5530.19,-3.62,266.5,-20.66,-0.04,81.56,0.47,0.27,0.0,0.15,0.21,30.85,134,ACE Fn성장소비주도주,-0.04,0.2,-0.22,내수소비,5330,"""FnGuide 성장소비주도 지수""를 기초지수로 하며 순자산가치의 일간변동률을 기초지수의 일간변동률과 유사하도록 운용하는 ETF","한국의 대표 수출산업으로 부상한 ""한류 창출"" 기업과 ""한류 수혜"" 기업에 투자하는 ETF"
464600,SOL 자동차소부장Fn,차세대모빌리티,8050,-230,5,-2.78,1596,10760,5800,8280,8180,8215,8050,82,0,21,2,0.09,11080,8000,8280.19,-2.78,402.5,-27.8,-0.03,72.65,0.47,0.17,0.0,0.06,0.2,30.62,111,SOL 자동차소부장Fn,-0.1,0.24,-0.41,차세대모빌리티,8050,"""FnGuide 자동차소부장지수 (PR)""를 기초지수로하며 순자산가치의 일간변동률을 기초지수의 일간변동률과 유사하도록 운용하는 ETF",전통적인 자동차 부품 기업과 미래차 관련 장비를 생산하는 기업에 투자하는 ETF
462010,TIGER 2차전지소재Fn,2차전지(배터리),4345,-150,5,-3.34,2152145,5840,3150,4495,4380,4470,4325,4767,476919500000,18,2,0.18,8831,4325,4495.14,-3.34,217.25,-51.02,-0.03,49.2,0.36,0.2,0.18,0.16,0.2,29.97,8,TIGER 2차전지소재Fn,-0.44,0.53,-0.83,2차전지(배터리),4345,"""FnGuide 2차전지소재 (Price Return) 지수""를 기초지수로하며 순자산가치의 일간변동률을 기초지수의 일간변동률과 유사하도록 운용하는 ETF",2차전지 생산에 필요한 핵심인 소재 기업에 투자하는 ETF
380340,ACE Fn5G플러스,5G(차세대통신),7920,-225,5,-2.76,91,10585,5705,8145,8050,8070,7920,49,0,29,2,-0.07,11510,7900,8144.8,-2.76,396.0,-31.36,-0.03,68.81,0.46,0.16,0.0,0.08,0.2,29.76,133,ACE Fn5G플러스,-0.03,0.25,-0.11,5G(차세대통신),7920,"""FnGuide 5G플러스 지수 (시장가격)""를 기초지수로 하며 순자산가치의 일간변동률을 기초지수의 일간변동률과 유사하도록 운용하는 ETF",4차 산업혁명의 핵심 인프라인 5세대 이동통신(5G) 관련 기업과 5G 통신 기술을 활용하는 기술 기업들에 투자하는 ETF
368190,HANARO Fn K-뉴딜디지털플러스,뉴딜,7045,-240,5,-3.29,3330,9470,5100,7285,7160,7185,7045,339,33875250000,21,2,0.14,9207,6820,7284.67,-3.29,352.25,-25.93,-0.03,76.52,0.47,0.2,0.01,0.07,0.2,29.26,60,HANARO Fn K-뉴딜디지털플러스,-0.08,0.24,-0.33,뉴딜,7045,"""FnGuide K-뉴딜 디지털 플러스 지수""를 기초지수로 하며 순자산가치의 일간변동률을 기초지수의 일간변동률과 유사하도록 운용하는 ETF","코스피 및 코스닥 상장기업들 중 BBIG (Battery, Bio, Internet Service, Game) 각 섹터별 시가총액 상위 5종목을 선별투자하는 ETF"
305540,TIGER 2차전지테마,2차전지(배터리),15630,-675,5,-4.14,615171,21195,11415,16305,15890,16130,15600,9412,937537500000,30,2,-0.03,27361,15600,16305.03,-4.14,781.5,-42.98,-0.04,57.13,0.35,0.07,0.18,0.3,0.19,27.83,3,TIGER 2차전지테마,0.09,0.37,0.24,2차전지(배터리),15630,"""WISE 2차전지 테마 지수""를 기초지수로 하며 순자산가치의 일간변동률을 기초지수의 일간변동률과 유사하도록 운용하는 ETF",전기차의 시장 확대로 폭발적인 성장이 예상되는 2차전지와 2차전지 생산을 위해 필요한 밸류체인에 해당하는 국내 기업에 투자하는 ETF
401470,KODEX K-메타버스액티브,메타버스,6345,-265,5,-4.01,97571,8590,4630,6610,6460,6500,6340,1071,0,31,2,-0.01,7768,6120,6610.06,-4.01,317.25,-21.22,-0.04,81.68,0.46,0.24,0.0,0.11,0.18,27.59,31,KODEX K-메타버스액티브,-0.13,0.26,-0.48,메타버스,6345,"액티브상장지수펀드로 ""FnGuide K-메타버스 지수""를 비교지수로 하여 비교지수 대비 초과 성과를 목표로 비중 변경 및 비교지수 구성종목 이외의 종목을 선별적으로 편입하여 운용하는 ETF","1. 글로벌 고성장 산업 중 하나인 메타버스 산업에 투자하는 ETF
- 비대면 환경과 5G 통신기술의 확산, AI/빅데이터 등 기술적 발전으로 메타버스 시대가 도래하고 있습니다.
- 메타버스의 핵심 기술인 AR, VR 기기는 향후 큰 성장이 기대되는 산업 중 하나입니다.
- KODEX K-메타버스액티브 ETF는 메타버스와 관련한 국내 핵심, 강소기업들에 투자하는 ETF입니다.

2. 알파를 추구하며 적극적으로 운용하는 '액티브' ETF
- 실시간으로 거래가능한 ETF의 특성과, 투자종목과 비중을 적극적으로 조정할 수 있는 액티브 펀드의 특성을 동시에 가지고 있습니다.
- 액티브 ETF는 비교지수와의 상관계수 0.7 이상을 유지하면서, 적극적으로 알파를 추구합니다.(일반 ETF : 0.9 이상)"
444200,SOL KEDI메가테크액티브,뉴딜,13075,-520,5,-3.82,29472,17670,9520,13595,13170,13325,13030,156,0,37,2,0.04,16145,11201,13594.3,-3.82,653.75,-30.62,-0.04,80.98,0.46,0.12,0.0,0.11,0.18,26.57,88,SOL KEDI메가테크액티브,0.15,0.23,0.66,뉴딜,13075,"액티브상장지수펀드로 ""KEDI 메가테크지수(PR)""를 비교지수로 하여 비교지수 대비 초과 성과를 목표로 비중 변경 및 비교지수 구성종목 이외의 종목을 선별적으로 편입하여 운용하는 ETF",전문가들이 추천하는 4차산업 혁명을 주도하는 국내 기업에 투자하는 ETF
487240,KODEX AI전력핵심설비,로보틱스 & AI,8435,-310,5,-3.54,536204,11365,6125,8745,8415,8670,8395,1931,0,11,2,0.11,11520,6710,8744.56,-3.54,421.75,-41.75,-0.04,73.22,0.44,0.12,0.02,0.07,0.18,26.53,16,KODEX AI전력핵심설비,-0.29,0.56,-0.52,로보틱스 & AI,8435,"""iSelect AI전력핵심설비 지수""를 기초지수로 하며 순자산가치의 일간변동률을 기초지수의 일간변동률과 유사하도록 운용하는 ETF",AI 산업 성장에 필수 요소인 국내 전력 인프라인 산업에 투자하는 ETF
400970,TIGER Fn메타버스,메타버스,6230,-265,5,-4.08,65654,8440,4550,6495,6400,6400,6220,906,90280500000,21,2,-0.05,7882,5890,6495.0,-4.08,311.5,-25.27,-0.04,79.04,0.44,0.22,0.02,0.08,0.17,26.05,36,TIGER Fn메타버스,-0.12,0.28,-0.43,메타버스,6230,"""FnGuide 메타버스테마 지수""를 기초지수로 하며 순자산가치의 일간변동률을 기초지수의 일간변동률과 유사하도록 운용하는 ETF","국내 메타버스 관련 기업에 투자하는 ETF

'메타버스(Metaverse)'란, 가공·추상·초월 등의 가상세계를 의미하는 메타(Meta)와 현실세계를 의미하는 유니버스 (Universe)의 합성어로 사회·문화·경제 등의 다양한 활동에서 가상과 현실이 상호작용하는 세계를 의미합니다."
150460,TIGER 중국소비테마,내수소비,5215,-200,5,-3.69,33311,7035,3795,5415,5390,5395,5215,736,72290250000,28,12,-2.11,7433,5215,5414.81,-3.69,260.75,-29.84,-0.04,70.16,0.42,0.22,0.01,0.1,0.17,25.99,39,TIGER 중국소비테마,0.01,0.2,0.06,내수소비,5215,"""FnGuide 중국내수테마 지수""를 기초지수로 하며 순자산가치의 일간변동률을 기초지수의 일간변동률과 유사하도록 운용하는 ETF",중국의 경제 발전과 내수시장 확대로 수혜를 입는 '우리나라 기업'에 투자하는 ETF
470310,UNICORN 생성형AI강소기업액티브,로보틱스 & AI,6745,-215,5,-3.09,270,9045,4875,6960,6900,6900,6720,17,0,21,2,0.13,10610,6595,6960.07,-3.09,337.25,-37.84,-0.03,63.57,0.42,0.16,0.0,0.06,0.17,25.71,153,UNICORN 생성형AI강소기업액티브,-0.27,0.5,-0.53,로보틱스 & AI,6745,"액티브상장지수펀드로 ""iSelect AI 지수""를 비교지수로 하여 비교지수 대비 초과 성과를 목표로 비중 변경 및 비교지수 구성종목 이외의 종목을 선별적으로 편입하여 운용하는 ETF",ChatGPT로 대표되는 생성형 AI(인공지능) 산업을 영위하는 성장성이 뛰어난 국내 강소기업에 투자하는 ETF
364980,TIGER 2차전지TOP10,2차전지(배터리),8695,-335,5,-3.71,1584102,11735,6325,9030,8860,8975,8695,3243,327337500000,11,2,-0.41,15421,8695,9030.01,-3.71,434.75,-43.62,-0.04,56.38,0.37,0.11,0.13,0.1,0.17,25.41,9,TIGER 2차전지TOP10,-0.04,0.38,-0.1,2차전지(배터리),8695,"""KRX 2차전지 K-뉴딜지수""를 기초지수로 하며 순자산가치의 일간변동률을 기초지수의 일간변동률과 유사하도록 운용하는 ETF","유가증권시장 및 코스닥시장 상장종목 중 2차전지 산업군 내 대표기업 10종목을 구성종목으로 하며, 시가총액 상위 3개 종목에 각 25%(총75%) 투자하는 방식"
395280,HANARO Fn K-게임,게임&엔터&스포츠,4075,-200,5,-4.68,7829,5555,2995,4275,4150,4205,4070,128,12825000000,18,2,0.25,4675,3765,4275.07,-4.68,203.75,-19.47,-0.05,87.17,0.45,0.33,0.0,0.05,0.17,25.29,94,HANARO Fn K-게임,-0.22,0.32,-0.7,게임&엔터&스포츠,4075,"""FnGuide K-게임 지수""를 기초지수로 하며 순자산가치의 일간변동률을 기초지수의 일간변동률과 유사하도록 운용하는 ETF",게임 소프트웨어 개발 및 제작과 관련한 종목에 분산투자하는 ETF
228800,TIGER 여행레저,게임&엔터&스포츠,2865,-145,5,-4.82,320968,3910,2110,3010,2930,2980,2860,1006,100865100000,17,2,0.14,3601,2750,3010.09,-4.82,143.25,-23.63,-0.05,79.56,0.41,0.38,0.03,0.07,0.16,24.47,33,TIGER 여행레저,-0.05,0.26,-0.18,게임&엔터&스포츠,2865,"""WISE 여행레저 지수""를 기초지수로 하며 순자산가치의 일간변동률을 기초지수의 일간변동률과 유사하도록 운용하는 ETF",여가시간의 증가와 직접 체험을 원하는 MZ세대 트렌드로 지속적 성장이 예상되는 여행레저 산업에 투자하는 ETF
487750,BNK 온디바이스AI,로보틱스 & AI,6075,-210,5,-3.34,226,8170,4400,6285,6205,6205,6060,34,0,21,2,-0.09,9705,6060,6284.92,-3.34,303.75,-37.56,-0.03,62.6,0.41,0.17,0.0,0.06,0.16,24.07,146,BNK 온디바이스AI,-0.65,0.46,-1.42,로보틱스 & AI,6075,"""FnGuide 온디바이스AI 지수""를 기초지수로 하며 순자산가치의 일간변동률을 기초지수의 일간변동률과 유사하도록 운용하는 ETF","온디바이스AI 구현에 필요한 반도체 설계(IP)와 제작, 패키지 관련 기업 등에 선별 투자하는 ETF"
322400,HANARO e커머스,E커머스,9270,-425,5,-4.38,11043,12600,6790,9695,9585,9585,9270,479,47990250000,25,2,-0.57,11334,8570,9694.62,-4.38,463.5,-24.39,-0.04,81.79,0.44,0.18,0.01,0.08,0.16,24.02,48,HANARO e커머스,0.01,0.22,0.04,E커머스,9270,"""FnGuide E커머스 지수""를 기초지수로 하며 순자산가치의 일간변동률을 기초지수의 일간변동률과 유사하도록 운용하는 ETF",국내 최초 유일 e커머스 테마 ETF
465620,ACE 미국빅테크TOP7 Plus인버스(합성),빅테크,10270,-280,5,-2.65,1996,13715,7385,10550,10500,10500,10250,26,0,3,12,0.28,19100,10250,10549.56,-2.65,513.5,-46.34,-0.03,53.77,0.41,0.09,0.0,0.0,0.16,23.87,150,ACE 미국빅테크TOP7 Plus인버스(합성),-0.42,0.24,-1.73,빅테크,10270,"""Solactive US Big Tech Top 7 Plus Price Return Index""를 기초지수로 하여 기초지수의 일일수익률 -1배(X-1) 추종을 목적으로 하는 ETF(합성은 증권사에서 제공하는 장외파생상품인 TRS를 통해 투자하는 방식)",미국 빅테크 관련 대표 기업의 역방향 투자 효과를 내는 ETF
434730,HANARO 원자력iSelect,친환경에너지,16365,-695,5,-4.07,161395,22175,11945,17060,16615,16780,16365,461,46062000000,21,2,-0.47,20450,10911,17059.31,-4.07,818.25,-46.65,-0.04,80.02,0.45,0.06,0.01,0.07,0.16,23.86,50,HANARO 원자력iSelect,0.21,0.31,0.67,친환경에너지,16365,"""iSelect 원자력지수 (시장가격)""를 기초지수로 하며 순자산가치의 일간변동률을 기초지수의 일간변동률과 유사하도록 운용하는 ETF","높아지는 온실가스 감축 목표, 에너지 안보 강화와 함께 돌아온 원자력에 투자하는 ETF"
461580,TIGER 코스닥글로벌,코스닥글로벌,9940,-455,5,-4.38,1828,13510,7280,10395,9975,10140,9890,52,5197500000,49,2,0.03,12660,9451,10395.31,-4.38,497.0,-25.35,-0.04,78.52,0.43,0.17,0.0,0.14,0.16,23.49,132,TIGER 코스닥글로벌,0.06,0.34,0.17,코스닥글로벌,9940,"""코스닥 글로벌 지수""를 기초지수로하며 순자산가치의 일간변동률을 기초지수의 일간변동률과 유사하도록 운용하는 ETF",코스닥에 상장된 기업 중 성장성이 높은 산업에서 글로벌 경쟁력을 갖추고 우수한 재무구조와 기술력을 보유한 기업 또는 제약 및 바이오 산업에서 유의미한 연구 실적을 보유한 기업에 투자하는 ETF
368680,KODEX K-뉴딜디지털플러스,뉴딜,7085,-305,5,-4.13,913,9605,5175,7390,7235,7245,7085,88,0,21,2,-0.61,9303,6805,7390.22,-4.13,354.25,-26.85,-0.04,76.16,0.43,0.19,0.0,0.06,0.16,23.43,108,KODEX K-뉴딜디지털플러스,-0.08,0.24,-0.31,뉴딜,7085,"""FnGuide K-뉴딜 디지털 플러스 지수""를 기초지수로 하며 순자산가치의 일간변동률을 기초지수의 일간변동률과 유사하도록 운용하는 ETF","코스피 및 코스닥 상장기업들 중 BBIG (Battery, Bio, Internet Service, Game) 각 섹터별 시가총액 상위 5종목을 선별투자하는 ETF"
487130,KoAct AI인프라액티브,로보틱스 & AI,7130,-280,5,-3.78,14065,9630,5190,7410,7235,7325,7130,62,0,33,2,-0.41,10640,6890,7410.1,-3.78,356.5,-35.24,-0.04,67.01,0.41,0.16,0.0,0.1,0.15,22.98,126,KoAct AI인프라액티브,-0.56,0.41,-1.37,로보틱스 & AI,7130,"""Solactive AI인프라 지수""를 기초지수로 하며 순자산가치의 일간변동률을 기초지수의 일간변동률과 유사하도록 운용하는 ETF",AI 산업 발전에 필요한 기반 인프라/반도체/네트워크 관련 산업에 해당하는 국내 기업에 투자하는 액티브 ETF
488200,KOSEF K-2차전지북미공급망,2차전지(배터리),7660,-305,5,-3.83,3915,10350,5580,7965,7810,7875,7645,71,7168500000,16,2,-0.11,11070,7645,7965.06,-3.83,383.0,-30.94,-0.04,69.2,0.41,0.16,0.0,0.04,0.15,22.68,120,KOSEF K-2차전지북미공급망,-0.41,0.47,-0.87,2차전지(배터리),7660,"""Solactive K-Battery North America Supply Chain index""를 기초지수로 하며 순자산가치의 일간변동률을 기초지수의 일간변동률과 유사하도록 운용하는 ETF",미국의 전기차 산업 성장으로 인해 수혜가 예상되는 국내 반도체 관련 기업에 투자하는 ETF
364990,TIGER 게임TOP10,게임&엔터&스포츠,5210,-275,5,-5.01,141246,7130,3840,5485,5400,5415,5210,170,17826250000,11,2,-0.29,6000,4745,5484.79,-5.01,260.5,-20.92,-0.05,86.83,0.43,0.27,0.01,0.03,0.15,22.25,78,TIGER 게임TOP10,-0.14,0.31,-0.44,게임&엔터&스포츠,5210,"""KRX 게임 K-뉴딜지수""를 기초지수로 하며 순자산가치의 일간변동률을 기초지수의 일간변동률과 유사하도록 운용하는 ETF",게임 소프트웨어 개발 및 제작과 관련한 종목 중 대형 3개 사에 집중 투자하는 ETF
454320,HANARO CAPEX설비투자iSelect,설비투자,12720,-555,5,-4.18,48362,17255,9295,13275,12820,13020,12700,498,49781250000,21,2,-0.05,16755,9989,13274.89,-4.18,636.0,-40.38,-0.04,75.92,0.43,0.09,0.01,0.07,0.15,22.17,47,HANARO CAPEX설비투자iSelect,0.16,0.31,0.53,설비투자,12720,"""iSelect CAPEX 설비투자 지수""를 기초지수로하며 순자산가치의 일간변동률을 기초지수의 일간변동률과 유사하도록 운용하는 ETF","글로벌 수요 증가로 설비관련 투자가 예상되는 건축설비, 전력설비, 공장기계, 풍력발전설비, 원자력발전설비 관련 국내 기업에 투자하는 ETF"
300640,RISE 게임테마,게임&엔터&스포츠,8370,-445,5,-5.05,14077,11455,6175,8815,8705,8705,8370,314,31293250000,22,2,0.05,9675,7955,8815.17,-5.05,418.5,-17.78,-0.05,86.51,0.43,0.25,0.01,0.07,0.15,21.89,62,RISE 게임테마,-0.01,0.29,-0.05,게임&엔터&스포츠,8370,"""WISE 게임 테마 지수 (시장가격지수)""를 기초지수로 하며 순자산가치의 일간변동률을 기초지수의 일간변동률과 유사하도록 운용하는 ETF",게임 소프트웨어 개발 및 제작과 관련한 종목에 분산투자하는 ETF
300950,KODEX 게임산업,게임&엔터&스포츠,6760,-365,5,-5.12,100247,9260,4990,7125,7040,7065,6760,199,0,16,2,-0.12,7700,6205,7124.79,-5.12,338.0,-19.42,-0.05,87.79,0.43,0.25,0.0,0.05,0.14,21.54,72,KODEX 게임산업,-0.05,0.3,-0.15,게임&엔터&스포츠,6760,"""FnGuide 게임 산업 지수""를 기초지수로 하며 순자산가치의 일간변동률을 기초지수의 일간변동률과 유사하도록 운용하는 ETF",게임 소프트웨어 개발 및 제작과 관련한 종목에 분산투자하는 ETF
445290,KODEX K-로봇액티브,로보틱스 & AI,11505,-530,5,-4.4,87054,15645,8425,12035,11820,11820,11495,921,0,33,2,0.04,15693,11225,12034.52,-4.4,575.25,-28.47,-0.04,73.31,0.41,0.14,0.0,0.12,0.14,21.12,35,KODEX K-로봇액티브,0.08,0.24,0.34,로보틱스 & AI,11505,"액티브상장지수펀드로 ""iSelect K-로봇테마 지수""를 비교지수로 하여 비교지수 대비 초과 성과를 목표로 비중 변경 및 비교지수 구성종목 이외의 종목을 선별적으로 편입하여 운용하는 ETF",국내 로봇 관련 기업들에 투자하는 ETF
465330,RISE 2차전지TOP10,2차전지(배터리),8985,-310,5,-3.34,147381,12080,6510,9295,9135,9280,8975,334,34623875000,11,2,-0.1,16345,8870,9295.47,-3.34,449.25,-45.73,-0.03,54.97,0.38,0.11,0.01,0.04,0.14,21.09,58,RISE 2차전지TOP10,-0.43,0.51,-0.85,2차전지(배터리),8985,"""iSelect 2차전지 TOP10 지수(시장가격지수)""를 기초지수로하며 순자산가치의 일간변동률을 기초지수의 일간변동률과 유사하도록 운용하는 ETF",국내 2차전지 산업 관련 대표 기업에 10종목에 집중 투자하는 ETF
385510,KODEX K-신재생에너지액티브,친환경에너지,15045,-650,5,-4.14,23538,20400,10990,15695,15245,15420,15030,394,0,41,2,-0.08,21690,12800,15694.76,-4.14,752.25,-40.99,-0.04,69.36,0.4,0.08,0.0,0.13,0.14,20.78,55,KODEX K-신재생에너지액티브,0.14,0.3,0.47,친환경에너지,15045,"액티브상장지수펀드로 ""FnGuide K-신재생에너지 플러스 지수""를 비교지수로 하여 비교지수 대비 초과 성과를 목표로 비중 변경 및 비교지수 구성종목 이외의 종목을 선별적으로 편입하여 운용하는 ETF","1. 장기 성과가 기대되는 신재생에너지 산업에 투자하는 ETF
- 산업화 이후 이산화탄소 배출량 증가 등으로 인한 환경 문제가 대두되며 이를 해결하기 위해 각국이 친환경적인 정책 등의 시행 논의를 지속하고 있습니다.
- 그리드패리티* 도달이 가까워짐에 따라 각국의 신재생에너지 발전 비중이 증가하고 있습니다.
   *그리드패리티: 석유 석탄 등을 쓰는 화력발전과 태양, 바람 등을 이용하는 신재생에너지 발전 원가가 같아지는 시점
- KODEX K-신재생에너지액티브 ETF는 태양에너지, 풍력에너지, 수소에너지, 2차전지 등의 신재생에너지 관련 국내 기업들에 투자할 수 있는 ETF입니다.

2. 알파를 추구하며 적극적으로 운용하는 '액티브' ETF
- 실시간으로 거래가능한 ETF의 특성과, 투자종목과 비중을 적극적으로 조정할 수 있는 액티브 펀드의 특성을 동시에 가지고 있습니다.
- 액티브 ETF는 비교지수와의 상관계수 0.7 이상을 유지하면서, 적극적으로 알파를 추구할 수 있습니다.(일반 ETF : 0.9 이상)"
300610,TIGER K게임,게임&엔터&스포츠,7105,-395,5,-5.27,15142,9750,5250,7500,7375,7410,7105,127,12750000000,17,2,-0.2,8150,6800,7500.26,-5.27,355.25,-16.56,-0.05,87.18,0.42,0.28,0.0,0.05,0.14,20.77,95,TIGER K게임,-0.04,0.3,-0.12,게임&엔터&스포츠,7105,"""WISE K게임 테마 지수""를 기초지수로 하며 순자산가치의 일간변동률을 기초지수의 일간변동률과 유사하도록 운용하는 ETF",게임 소프트웨어 개발 및 제작과 관련한 종목에 분산투자하는 ETF
433500,ACE 원자력테마딥서치,친환경에너지,15645,-745,5,-4.55,15770,21305,11475,16390,16230,16230,15645,115,11473000000,26,2,-1.03,19600,11424,16390.78,-4.55,782.25,-41.71,-0.05,79.82,0.42,0.08,0.0,0.08,0.14,20.51,98,ACE 원자력테마딥서치,0.15,0.28,0.56,친환경에너지,15645,"""DeepSearch 원자력테마 지수 (시장가격지수)""를  기초지수로 하며 순자산가치의 일간변동률을 기초지수의 일간변동률과 유사하도록 운용하는 ETF",Net-Zero와 에너지자립의 대안으로 주목받는 원자력 발전과 관련된 산업에 투자하는 ETF
422420,RISE 2차전지액티브,2차전지(배터리),6650,-275,5,-3.97,75079,9000,4850,6925,6795,6875,6650,1399,140162000000,28,2,-0.27,11490,6650,6924.92,-3.97,332.5,-42.12,-0.04,57.88,0.36,0.15,0.03,0.11,0.14,20.34,23,RISE 2차전지액티브,-0.15,0.37,-0.4,2차전지(배터리),6650,"액티브상장지수펀드로 ""iSelect 2차전지 지수 (시장가격지수)""를 비교지수로 하여 비교지수 대비 초과 성과를 목표로 비중 변경 및 비교지수 구성종목 이외의 종목을 선별적으로 편입하여 운용하는 ETF","(가) 투자종목 선정 전략: 산업 내 경쟁력, 시장 성장성, 밸류에이션 등을 고려하여 비교지수 구성종목을 추가로 선정하거나, 비중을 조정
(나) 이벤트 대응 전략: 기업 분할, 합병 및 유상증자 등 기업의 구조변화 이벤트가 발생할 경우 또는 대규모 블록딜, 자사주 취득, KOSPI200 및 MSCI 지수 등의 리밸런싱 등 개별종목의 이벤트를 활용"
467540,KOSEF 코스닥글로벌,코스닥글로벌,10285,-530,5,-4.9,73,14055,7575,10815,10535,10575,10275,75,7570500000,49,2,0.09,13233,9824,10814.93,-4.9,514.25,-25.76,-0.05,77.72,0.4,0.16,0.0,0.15,0.13,19.92,117,KOSEF 코스닥글로벌,0.14,0.34,0.4,코스닥글로벌,10285,"""코스닥 글로벌 지수""를 기초지수로하며 순자산가치의 일간변동률을 기초지수의 일간변동률과 유사하도록 운용하는 ETF",코스닥에 상장된 기업 중 성장성이 높은 산업에서 글로벌 경쟁력을 갖추고 우수한 재무구조와 기술력을 보유한 기업 또는 제약 및 바이오 산업에서 유의미한 연구 실적을 보유한 기업에 투자하는 ETF
305720,KODEX 2차전지산업,2차전지(배터리),12695,-605,5,-4.55,1845301,17290,9310,13300,13005,13125,12675,9385,0,26,2,-0.0,23523,12675,13300.16,-4.55,634.75,-46.12,-0.05,53.97,0.32,0.08,0.08,0.29,0.13,19.84,2,KODEX 2차전지산업,0.06,0.36,0.16,2차전지(배터리),12695,"""FnGuide 2차전지 산업 지수""를 기초지수로 하며 순자산가치의 일간변동률을 기초지수의 일간변동률과 유사하도록 운용하는 ETF","· 2차전지의 밸류체인인 원재료, 장비, 부품, 제조 등과 관련한 국내 상장 기업에 분산투자할 수 있는 ETF입니다.
- 대형주 중심으로 구성되어 배터리 생산 기업의 주가 상승 국면에서 성과가 우수"
475050,ACE KPOP포커스,게임&엔터&스포츠,7770,-435,5,-5.3,315459,10665,5745,8205,7895,7935,7610,291,0,11,2,-0.28,9070,5760,8204.86,-5.3,388.5,-36.49,-0.05,85.67,0.41,0.14,0.01,0.03,0.12,18.4,65,ACE KPOP포커스,-0.04,0.34,-0.12,게임&엔터&스포츠,7770,"""iSelect K-POP 포커스 지수 (시장가격)""를 기초지수로하며 순자산가치의 일간변동률을 기초지수의 일간변동률과 유사하도록 운용하는 ETF",국내 엔터테인먼트 산업을 선도하는 KPOP 대표 기업에 집중 투자하는 ETF
377990,TIGER Fn신재생에너지,친환경에너지,7265,-340,5,-4.47,26073,9885,5325,7605,7425,7435,7260,175,17491500000,21,2,0.1,10815,6825,7604.94,-4.47,363.25,-36.89,-0.04,67.18,0.38,0.15,0.0,0.06,0.12,18.22,79,TIGER Fn신재생에너지,-0.06,0.3,-0.19,친환경에너지,7265,"""FnGuide 신재생에너지 지수""를 기초지수로 하며 순자산가치의 일간변동률을 기초지수의 일간변동률과 유사하도록 운용하는 ETF",다양한 국내 신재생 에너지 관련 기업에 투자하는 ETF
395290,HANARO Fn K-POP&미디어,게임&엔터&스포츠,6520,-330,5,-4.82,184276,8905,4795,6850,6640,6675,6450,571,55827500000,14,2,-0.23,9067,5340,6850.18,-4.82,326.0,-41.11,-0.05,71.91,0.38,0.15,0.02,0.05,0.12,17.87,42,HANARO Fn K-POP&미디어,-0.09,0.32,-0.29,게임&엔터&스포츠,6520,"""FnGuide K-POP & 미디어 지수""를 기초지수로 하며 순자산가치의 일간변동률을 기초지수의 일간변동률과 유사하도록 운용하는 ETF",글로벌 경쟁력을 갖춘 K-POP & K-미디어 산업에 투자하는 ETF
461450,KODEX 코스닥글로벌,코스닥글로벌,9700,-565,5,-5.5,2820,13340,7190,10265,9980,9995,9695,102,0,49,2,-0.44,12530,9284,10264.55,-5.5,485.0,-25.91,-0.06,77.41,0.37,0.16,0.0,0.15,0.11,16.06,103,KODEX 코스닥글로벌,0.04,0.33,0.12,코스닥글로벌,9700,"""코스닥 글로벌 지수""를 기초지수로하며 순자산가치의 일간변동률을 기초지수의 일간변동률과 유사하도록 운용하는 ETF",코스닥에 상장된 기업 중 성장성이 높은 산업에서 글로벌 경쟁력을 갖추고 우수한 재무구조와 기술력을 보유한 기업 또는 제약 및 바이오 산업에서 유의미한 연구 실적을 보유한 기업에 투자하는 ETF
466810,BNK 2차전지양극재,2차전지(배터리),5200,-240,5,-4.41,6633,7070,3810,5440,5240,5385,5200,43,0,13,2,-0.18,9755,5200,5439.9,-4.41,260.0,-46.69,-0.04,53.31,0.33,0.17,0.0,0.03,0.1,14.27,140,BNK 2차전지양극재,-0.39,0.47,-0.83,2차전지(배터리),5200,"""iSelect 2차전지양극재""를 기초지수로 하며 순자산가치의 일간변동률을 기초지수의 일간변동률과 유사하도록 운용하는 ETF",국내 2차전지 핵심소재인 양극재 및 양극재 소재 사업을 영위하는 회사 또는 양극재를 원재료로 소비하는 회사에 투자하는 ETF
461950,KODEX 2차전지핵심소재10,2차전지(배터리),4395,-200,5,-4.35,416375,5970,3220,4595,4485,4570,4395,1305,0,11,2,-0.5,9422,4395,4594.88,-4.35,219.75,-53.35,-0.04,46.65,0.3,0.19,0.02,0.06,0.09,14.15,24,KODEX 2차전지핵심소재10,-0.46,0.54,-0.84,2차전지(배터리),4395,"""FnGuide 2차전지 핵심소재10 지수""를 기초지수로하며 순자산가치의 일간변동률을 기초지수의 일간변동률과 유사하도록 운용하는 ETF",2차전지 생산에 필요한 핵심소재 생산과 관련된 기업에 투자하는 ETF
381570,HANARO Fn친환경에너지,친환경에너지,5985,-300,5,-4.77,955,8170,4400,6285,6065,6175,5985,40,4085250000,21,2,0.02,10098,5985,6284.78,-4.77,299.25,-40.73,-0.05,59.27,0.33,0.16,0.0,0.06,0.09,14.01,142,HANARO Fn친환경에너지,-0.12,0.28,-0.41,친환경에너지,5985,"""FnGuide 친환경에너지 지수 (시장가격)""를 기초지수로 하며 순자산가치의 일간변동률을 기초지수의 일간변동률과 유사하도록 운용하는 ETF",국내 신재생 에너지 관련 시가총액 상위 20개 기업에 투자하는 ETF
385600,ACE 2차전지&친환경차액티브,차세대모빌리티,6960,-325,5,-4.46,24785,9470,5100,7285,7250,7250,6960,109,0,19,2,-0.48,12940,6960,7284.91,-4.46,348.0,-46.21,-0.04,53.79,0.33,0.13,0.0,0.05,0.09,13.85,100,ACE 2차전지&친환경차액티브,-0.08,0.35,-0.23,차세대모빌리티,6960,"액티브상장지수펀드로 ""FnGuide 친환경 자동차 밸류체인 지수""를 비교지수로 하여 비교지수 대비 초과 성과를 목표로 비중 변경 및 비교지수 구성종목 이외의 종목을 선별적으로 편입하여 운용하는 ETF","1) 국내 친환경차와 관련된 밸류체인기업에 집중 투자
2) 전기차/수소차 관련 원료/소재, 생산/제조, 운송/저장/충전 관련 기업으로 구성
3) 관련 산업 전반을 아우르는 인하우스 리서치 애널리스트 담당자의 직접 운용 상품"
455860,SOL 2차전지소부장Fn,2차전지(배터리),4085,-205,5,-4.78,536578,5575,3005,4290,4190,4220,4080,1293,0,21,2,-0.12,8473,4080,4290.07,-4.78,204.25,-51.85,-0.05,48.21,0.29,0.21,0.02,0.09,0.09,12.85,25,SOL 2차전지소부장Fn,-0.37,0.47,-0.79,2차전지(배터리),4085,"""FnGuide 2차전지 소부장 지수(PR)""를 기초지수로하며 순자산가치의 일간변동률을 기초지수의 일간변동률과 유사하도록 운용하는 ETF","국내 2차전지 관련 소재, 부품 및 장비 기업에 투자하는 ETF"
395150,KODEX 웹툰&드라마,게임&엔터&스포츠,2930,-170,5,-5.48,24668,4030,2170,3100,3045,3050,2930,186,0,19,2,-0.61,4653,2730,3099.87,-5.48,146.5,-41.33,-0.05,62.97,0.32,0.31,0.0,0.06,0.09,12.73,85,KODEX 웹툰&드라마,-0.28,0.29,-0.98,게임&엔터&스포츠,2930,"""FnGuide 웹툰&드라마 지수""를 기초지수로 하며 순자산가치의 일간변동률을 기초지수의 일간변동률과 유사하도록 운용하는 ETF","네이버, 카카오 등의 웹툰 비즈니스 관련 기업과, CJENM, 스튜디오드래곤 등의 드라마 산업 관련 기업에 투자하는 ETF"
410870,TIMEFOLIO K컬처액티브,게임&엔터&스포츠,8440,-510,5,-5.7,11518,11635,6265,8950,8735,8750,8440,89,8950000000,30,2,-0.72,11540,7600,8950.16,-5.7,422.0,-34.14,-0.06,73.14,0.35,0.14,0.0,0.09,0.08,12.41,105,TIMEFOLIO K컬처액티브,-0.01,0.29,-0.03,게임&엔터&스포츠,8440,"액티브상장지수펀드로 ""FnGuide K-컬처 지수""를 비교지수로 하여 비교지수 대비 초과 성과를 목표로 비중 변경 및 비교지수 구성종목 이외의 종목을 선별적으로 편입하여 운용하는 ETF","※ 비교지수 : FnGuide K-컬처 지수 * 100% 
- 지수개요: 우리나라의 대표적 지수산출업자인 ㈜에프앤가이드에서 산출한 지수로, “K-컬처” 키워드와 연관된 종목들 중 미디어, 게임, 의료장비 및 서비스, 바이오(함암관련 종목은 제외) 섹터에 속한 종목들을 1차적으로 선별 한 후, 시가총액 기준으로 미디어 섹터 상위 10종목, 게임섹터 상위 5종목, 나머지 두 섹터 상위 5종목 등  총 20종목을 최종 선정하여 동일가중방식으로 구성하는 지수입니다."
490480,SOL K방산,방위산업,8995,-615,5,-6.4,206280,12490,6730,9610,9325,9350,8975,149,0,13,2,-0.01,12255,8975,9610.04,-6.4,449.75,-26.76,-0.06,73.4,0.32,0.17,0.01,0.04,0.05,8.02,91,SOL K방산,-0.1,0.44,-0.23,방위산업,8995,"""KEDI K방산 지수(PR)""를 기초지수로 하며 순자산가치의 일간변동률을 기초지수의 일간변동률과 유사하도록 운용하는 ETF",방위산업 관련 국내 기업들에 투자하는 ETF
462330,KODEX 2차전지산업레버리지,2차전지(배터리),1330,-134,5,-9.15,10883078,2340,586,1464,1400,1423,1329,1905,0,43,12,-0.2,5540,1329,1463.95,-9.15,66.5,-76.01,-0.09,24.01,0.0,0.6,0.5,0.17,0.04,6.57,17,KODEX 2차전지산업레버리지,-0.75,0.92,-0.81,2차전지(배터리),1330,"""FnGuide 2차전지 산업 지수""를 기초지수로 하여 기초지수의 일일수익률 2배(X2) 추종을 목적으로 하는 ETF",FnGuide 2차전지 산업 지수의 일간 변동폭을 레버리지를 통해 2배의 손익 효과를 추종하도록 투자하는 ETF
482030,KoAct 테크핵심소재공급망액티브,퓨쳐텍크,5560,-345,5,-5.84,3330,7675,4135,5905,5780,5785,5560,20,0,30,2,0.17,10730,5560,5904.84,-5.84,278.0,-48.18,-0.06,51.82,0.26,0.16,0.0,0.09,0.04,5.39,151,KoAct 테크핵심소재공급망액티브,-0.59,0.35,-1.69,퓨쳐텍크,5560,"액티브상장지수펀드로 ""iSelect 테크핵심소재공급망""를 비교지수로 하여 비교지수 대비 초과 성과를 목표로 비중 변경 및 비교지수 구성종목 이외의 종목을 선별적으로 편입하여 운용하는 ETF","반도체/IT, 2차 전지 등 주요 첨단기술 산업의 핵심소재 및 희토류 등 관련 자원을 개발하고 가공하는 소재 공급망 산업과 관련된 국내 주식에 투자하는 ETF"
412570,TIGER 2차전지TOP10레버리지,2차전지(배터리),1506,-104,5,-6.46,2292660,2575,644,1610,1555,1585,1489,748,74221000000,14,12,1.41,5635,1489,1610.01,-6.46,75.3,-73.58,-0.06,26.73,0.13,0.53,0.12,0.05,0.03,4.39,40,TIGER 2차전지TOP10레버리지,-0.47,0.8,-0.58,2차전지(배터리),1506,"""KRX 2차전지 K-뉴딜지수""를 기초지수로 하여 기초지수의 일일수익률 2배(X2) 추종을 목적으로 하는 ETF",KRX 2차전지 K-뉴딜지수의 일간 변동폭을 레버리지를 통해 2배의 손익 효과를 추종하도록 투자하는 ETF
412560,TIGER BBIG레버리지,뉴딜,1855,-175,5,-8.62,28181,3240,820,2030,1900,1956,1855,16,1624000000,15,12,-0.36,2550,1661,2029.98,-8.62,92.75,-34.86,-0.09,72.75,0.22,0.48,0.0,0.04,-0.01,-1.72,154,TIGER BBIG레버리지,-0.42,0.48,-0.88,뉴딜,1855,"""KRX BBIG K-뉴딜지수""를 기초지수로 하여 기초지수의 일일수익률 2배(X2) 추종을 목적으로 하는 ETF",KRX BBIG K-뉴딜지수의 일간 변동폭을 레버리지를 통해 2배의 손익 효과를 추종하도록 투자하는 ETF
469070,RISE AI&로봇,로보틱스 & AI,7100,-560,5,-7.31,161251,9955,5365,7660,7425,7425,7100,409,40598000000,34,2,-0.4,12880,6420,7659.94,-7.31,355.0,-50.16,-0.07,55.12,0.2,0.12,0.01,0.11,-0.02,-2.49,54,RISE AI&로봇,-0.17,0.35,-0.47,로보틱스 & AI,7100,"""iSelect AI&로봇 지수(시장가격)""를 기초지수로하며 순자산가치의 일간변동률을 기초지수의 일간변동률과 유사하도록 운용하는 ETF",국내 AI 산업 및 로봇 산업에 속하는 기업에 투자하는 ETF
476000,UNICORN 포스트IPO액티브,IPO&SPAC,5325,-410,5,-7.15,988,7455,4015,5735,5565,5565,5325,31,0,22,2,0.3,10625,5325,5735.06,-7.15,266.25,-49.88,-0.07,50.12,0.19,0.16,0.0,0.06,-0.02,-3.68,147,UNICORN 포스트IPO액티브,-0.51,0.36,-1.43,IPO&SPAC,5325,"액티브상장지수펀드로 ""iSelect 포스트 IPO 지수""를 비교지수로 하여 비교지수 대비 초과 성과를 목표로 비중 변경 및 비교지수 구성종목 이외의 종목을 선별적으로 편입하여 운용하는 ETF",국내에서 기업공개(IPO)를 통해 상장한 주식들을 상장 초기에 투자하는 ETF
